No.,カードの名前,カード名かな,HP,攻撃力,防御力,特攻,特防,素早さ,技１名称,技１説明,技２区分,技２区分コード,技２名称,技２説明,技２区分効果,特殊スキル区分,特殊スキル区分コード,特殊スキル名称,特殊スキル説明,特殊スキル効果,カード種別,京の伝統野菜,京の伝統野菜に準じる野菜,新京野菜,京のブランド産品,カード用写真／画像提供,来歴,特徴,栽培,旬の始まり,旬の終わり
K001,賀茂なす,かもなす,90,70,30,50,22,8,賀茂なすボール,丸い体で突進する！,特殊攻撃,SA,強光反射,つやつや真ん丸のボティ！,,パッシブ,PS,賀茂の清流,鴨川の上流は賀茂川！,味方一体を選択し、その味方が攻撃される、またはバフ・デバフ効果をかけられたとき、一回だけ無効化する,ゴールド赤,〇,－,－,〇,公益社団法人京のふるさと産品協会,貞享元年（1684）の文献に記載があり、古くは、左京区吉田田中地区で栽培されていました。今から約100年前に北区上賀茂、西賀茂及びその附近特産の大型なす品種として栽培されるようになりました。ですが起源については明らかではありません。,晩生種で幹、枝、葉とも大型で濃紫の葉にとげがあり、果は正円形で直径12から15cmになります。皮は軟らかく、肉質はよく締まり光沢があり、“がく”（へた）は三角形になるとされています。,本来の賀茂なすは北区上賀茂地区を中心に多く栽培されており、「京都市特産そ菜保存ほ」として京都市が種子の保存を上賀茂地区の農家に委託しています。,5月上旬,7月上旬
K002,山科なす,やましななす,80,60,50,30,30,20,なすバット,全力でぶったたく！,特殊攻撃,SA,にしん合体,なすとにしんのタイタン！,,パッシブ,PS,音羽山,山科を見下ろす音羽山！,敵一体のHPを味方の最低HPと同じにする,ゴールド赤,〇,－,－,〇,公益社団法人京のふるさと産品協会,来歴については文献も無く不明ですが、現在の山科区一帯で古くから栽培されていたなすです。左京区吉田で栽培されていた「もぎなす」を大型に改良したものとされています。,幹が太く枝は直立します。樹勢はやや弱く、葉は広くてやや長円で浅い欠刻があります。果形は長円形又は卵型で、濃紫黒色で光沢があります。果皮は薄く、肉質が軟らかいので、日持ちせず、輸送に適さないために栽培が減少しました。,昭和6年には山科地区で35haもの栽培がありましたが、現在は4戸の農家によるわずかな栽培のみです。「京都市特産そ菜保存ほ」として京都市が種子の保存を山科区勧修寺地区の農家に委託しています。,7月上旬,9月下旬
K003,伏見とうがらし,ふしみとうがらし,70,66,38,67,20,9,青龍刀,とうがらしの斬撃！,味方にバフ,MB,甘い囁き,僕も辛くないんだよ！,味方の攻撃力アップ！,アクティブ,AS,美味名水,伏見の名水で酒造り！,味方へのバフ効果が倍になる,ゴールド赤,〇,－,－,〇,公益社団法人京のふるさと産品協会,江戸時代から京都の伏見地区で栽培されてきた甘唐辛子の一種で、京の伝統野菜のひとつとして扱われています。かつては伏見地区で作られていたので、その地区名をとって「伏見とうがらし」と呼ばれるようになりましたが、現在では丹波地区で沢山作られるようになりました。,とうがらしと聞けば七味に使われる鷹の爪のようなものが思い浮かびますが、伏見とうがらしは辛くありません。この系統で代表的なものは天ぷらでおなじみのシシトウで、小型の品種ですが、伏見とうがらしはたいてい10～15cmほどと長く「ヒモトウ」とも呼ばれたり、親しみを込めて「青ト」と短くして呼ばれています。,高温性で育苗時から定植後にかけて低温に遭うと育ちが悪くなるので、十分に暖かくなってから植え付けます。,6月上旬,11月下旬
K004,鹿ケ谷かぼちゃ,ししがたにかぼちゃ,120,40,40,40,25,5,ドッスンかぼちゃ,全体重をかけて押しつぶす！,敵にデバフ,EB,ひょうたん幻惑,ひょうたん型のボディに見とれよ！,敵の素早さダウン！,アクティブ,AS,安楽寺,安楽寺の鹿ケ谷カボチャ供養！,この野菜に攻撃される度、ダメージを受けた後に、攻撃してきた敵の攻撃力・特攻-5,ゴールド赤,〇,－,－,〇,公益社団法人京のふるさと産品協会,文化年間（1804～1817）に、現在の東山区粟田口の農家が奥州の津軽からかぼちゃの種子を持ちかえり、現在の左京区鹿ヶ谷の農家に分けて栽培したところ偏平な菊座形からひょうたん形が生まれました。それを栽培するようになったといわれています。,,夏の暑さには強く、霜が降るまで収穫できます。,8月中旬,9月中旬
K005,京たけのこ,きょうたけのこ,110,45,50,55,4,6,たけのこドリル,尖った先で攻撃する！,味方にバフ,MB,急成長,あっという間に竹になる成長力！,味方の防御力アップ！,アクティブ,AS,妄想竹,孟宗竹の妄想チック！,毎ターン、ランダムに味方一体の攻撃力・特攻+5,ゴールド赤,〇,－,－,〇,公益社団法人京のふるさと産品協会,嵯峨天皇の時代（810～823）に長岡京市の海印寺寂照院の開祖である道雄が、中国から孟宗竹を持ち帰り、関西に広まったという説があります。ですがその当時食料として利用したかどうかは不明で、その後、江戸時代に西山一帯に定着して栽培の対象となったという説が正しいと考えられています。,料理は簡単。揚げたり焼いたりするだけで、酒の肴やおかずとしても立派な一品に。カルシウム、食物繊維、ビタミンＣなどを豊富に含み、夏バテを解消してくれますので暑い季節にうれしい食材です。,枝が細いため風には弱く、果実がたくさん付くと枝折れしやすいので、支柱を立て誘引します。,4月上旬,5月上旬
K006,聖護院だいこん,しょうごいんだいこん,140,100,5,5,18,2,ドッスン大根,巨体を生かした押しつぶし！,敵にデバフ,EB,とろけビーム,とろける食味！,敵の防御力ダウン！,アクティブ,AS,聖護院,聖護院で修験道の修行！,5ターン目以降、味方全体の攻撃力常に+30,ゴールド赤,〇,－,－,〇,公益社団法人京のふるさと産品協会,文政年間（1816～1830）に現在の左京区聖護院に住む農家が、尾張の国から黒谷の金戒光明寺に奉納された大根を譲り受けました。栽培し採種を重ねるうちに短系のものが生まれ、それが土壌の浅い京都の地に合ったので、聖護院一帯に栽培が広がったといわれています。 来歴については別の農家が取り寄せたという説もありますが、いずれにしても尾張の宮重大根という長大根が原種であることは間違いないようです。,短系で地表に表れる部分は淡い緑色を呈します。肉質は軟らかく、煮物に適しています。,本来の品種を栽培している農家は市内でもわずかですが、改良種は広く栽培されています。特に淀地域で栽培されているものは「淀大根」という名前で市場において評価されています。,11月上旬,2月下旬
K007,聖護院かぶ,しょうごいんかぶ,100,66,44,44,13,3,千枚スライサー,千枚漬けのように輪切り！,味方にバフ,MB,かぶら蒸し,ふわふわのかぶら蒸しで癒される！,味方の防御力アップ！,パッシブ,PS,修行僧,聖護院で修験道の修行！,次のターンから2ターンの間、行動不能になる。その後、味方全体の防御力・特防+30,ゴールド赤,〇,－,－,〇,公益社団法人京のふるさと産品協会,享保年間（1716～1736）に現在の左京区聖護院に住む農家が現在の大津市堅田の近江かぶの種子を持ち帰って栽培し、その後改良しました。天保年間（1830～1844）にこのかぶを原料として漬物に加工したものが、京の名産千枚漬けです。,大きいものは5キロにも達する日本最大のかぶで、大かぶとも呼ばれています。葉はやや広く滑らかで下部には欠刻があり、根部は腰高偏円で葉付部にへこみがあります。 早生種は根の上部のくぼみが深く、へん円形で品質も優秀です。晩生種はくぼみも小さく横づち型であるため、千枚漬け用として歩留まりが良いことから多くの需要があります。,本来の品種を栽培している農家はわずかですが、改良種は広く栽培されています。,11月中旬,12月下旬
K008,九条ねぎ,くじょうねぎ,90,70,45,38,7,20,ねぎ居合切り,ねぎ侍のぶった切り！,味方にバフ,MB,アリシン分泌,風邪に効く成分を摂取！,味方の防御力アップ！,パッシブ,PS,葉ねぎの王者,ねぎ族の王者の風格。！,次の1ターンの間、この野菜の攻撃力が1.2倍になる。,ゴールド赤,〇,－,－,〇,公益社団法人京のふるさと産品協会,和銅4年（711）、稲荷神社が建立されたときに現在の伏見区深草の地で浪速（現大阪）由来の原種の栽培が始まったとされており、歴史は非常に古いものです。平安朝前期承和年代（834～848）にはすでに九条で栽培されていたという記録があります。,葉ねぎで、系統は細ねぎ（浅黄種：あさぎだね）と太ねぎ（黒種：くろだね）の二系統あります。前者は葉は細長く、葉色は淡緑色で根から葉の分岐点までが短い系統で、後者は1ｍ前後にまで伸長し、葉色は濃緑で茎が太く、根から葉の分岐点までが長くて耐寒性が強いことが特徴です。,市内産の野菜の中でも栽培面積の多い品目の一つで、市内各地において生産・出荷されています。,10月中旬,3月中旬
K009,堀川ごぼう,ほりかわごぼう,130,45,36,20,20,19,ジャイアントバット,極太ゴボウの一振り！,味方にバフ,MB,食物繊維,食物繊維でお腹も快調！,味方の素早さアップ！,パッシブ,PS,清流堀川,堀川のせせらぎ復活祈願！,味方をHP30で復活,ゴールド赤,〇,－,－,〇,公益社団法人京のふるさと産品協会,豊臣秀吉が築いた聚楽第の堀跡へ埋めたゴミの中に、食べ残しのごぼうが捨てられていたものが越年して大きく育ったことから越年ごぼうの栽培が始められたと言われています。一旦掘り上げてひげ根を取り除き、再度植え込みという独特の栽培法は、約400年の歴史を有することになります。,表皮は暗褐色で首部には亀裂を生じ、かすり状となっています。中心は空洞になって「す入り」した状態ですが、肉質は軟らかく、特有の芳香があります。京都の正月料理には無くてはならない野菜で、お歳暮の贈り物としても珍重されています。独特の形状を活かして空洞にすり身やミンチ等を詰めて調理されることが多いです。,江戸時代には、北野、小山、堀川の産が良いとされていましたが、栽培地は洛北方面に移り、現在では左京区の修学院、一乗寺等で約20戸が栽培されています。「京都市特産そ菜保存ほ」として京都市が種子の保存を一乗寺地区の農家に委託しています。,11月上旬,12月下旬
K010,みず菜,みずな,80,100,20,20,25,25,ウォーターキャノン,みずみずしい一撃！,特殊攻撃,SA,雨乞い,雨に濡れて頭を冷やせ！,,パッシブ,PS,水のいやし,命育むいやしの水！,3ターンの間、ターンが終わるごとに味方一体のHP+20,ゴールド赤,〇,－,－,〇,公益社団法人京のふるさと産品協会,京都で栽培されてきた野菜の中で古い文献に記載されたもののひとつで、和名抄（935頃）に「みずな」の名が始めて記載されています。さらに天和3年（1683）には供物として用いたことが、また貞享3年（1686）に東寺九条周辺で栽培されていた記載があります。,株状によく分けつし（一株で数十本）、葉数は数百枚になります。葉柄は細く淡緑色ですが葉先は濃緑色で欠刻が深く先端はとがっています。最近は食生活の変化に伴って、手軽に食べられる小束のものが多く出回るようになりました。,市内全域で広く栽培されています。,11月上旬,3月上旬
K011,壬生菜,みぶな,70,39,36,66,29,30,ミブナ張り手,かわいいけど結構痛い！,味方にバフ,MB,ミブナの舞い,みんなで舞い踊れ！,味方の攻撃力アップ！,パッシブ,PS,壬生浪士,新選組ゆかりの地で修行！,次の1ターンの間、味方一体の行動回数を2回にする(パッシブスキルも含む),ゴールド赤,〇,－,－,〇,公益社団法人京のふるさと産品協会,1800年代にみず菜の一変種が自然交雑によって生まれ、壬生地区に多く栽培されたものとされています。みず菜（京菜）との区別がはっきりした頃は不明ですが、文化元年（1804）の文献に「壬生に産する壬生菜」という明らかな記載があります。,株状によく分けつし（一株で数十本）、葉数は数百枚になります。葉柄は細く淡緑色ですが葉先は濃緑色で、葉に欠刻が無く、円くスプーン状になります。最近は食生活の変化に伴って、手軽に食べられる小束のものが多く出回るようになりました。,市内全域で振売、直売用を含め、広く栽培されています。,11月上旬,3月上旬
K012,くわい,くわい,90,45,45,75,5,10,くわいストライク,先っちょの鋭い部分で串刺し！,味方にバフ,MB,御土居（おどい）,秀吉が作った京の防御壁！,味方の防御力アップ！,アクティブ,AS,クワイエット,静まれ静まれ！,敵一体行動2回休み,ゴールド赤,〇,－,－,〇,公益社団法人京のふるさと産品協会,"天正19年（1591）に豊臣秀吉が京の都を外敵と災害から守るため周囲に御土居を築きました。そのためにいたるところに低地を生じ、肥沃な低湿地で藍の栽培を行い,その裏作として栽培されたのが始まりであるとされています。",他産地で栽培されている品種と異にするものではありませんが、永年京都において育成淘汰し、固定した優良品種であると言われています。,昭和の初期には埼玉県についで京都は第二の生産地であったと言われていますが、栽培面積は激減し、現在、南区上鳥羽、伏見区竹田で栽培されています。,11月中旬,12月下旬
K013,えびいも,えびいも,100,85,32,28,17,8,ジャンピングアタック,エビのように飛び跳ねよ！,敵にデバフ,EB,縞模様,シマシマで目くらまし！,敵の攻撃力ダウン！,パッシブ,PS,ＡＢＩＭＯ,イングリッシュで混乱させろ！,敵一体を選択する。選択した敵の次の行動を技1にしてランダムな敵一体(自分自身を除く)を攻撃する。,ゴールド赤,〇,－,－,〇,公益社団法人京のふるさと産品協会,安永年間（1772～1781）に当時の青蓮院宮が九州の長崎から芋の種を持ち帰られ、宮家に仕えていた御料菊や野菜を栽培する御用を承っていたものが栽培を託されました。その後大きく良質のものができたので形状から「えびいも」と名付けられ、上鳥羽、九条で栽培されました。,里芋の一種で、小芋はわん曲しており、大型です。,「京都市特産そ菜保存ほ」として京都市が種子の保存を伏見区竹田地区の農家に委託しています。,11月中旬,2月中旬
K014,辛味だいこん,からみだいこん,100,40,42,35,20,33,辛味レーザー,子供が泣く辛さ！,味方にバフ,MB,超刺激,刺激的なパッション！,味方の素早さアップ！,パッシブ,PS,紫式部,紫色の美しき大根の幻惑！,2ターンの間、敵全体の防御力・特防-15,ゴールド青,〇,－,－,－,京都市産業観光局農林振興室,旧名「原谷大根」と呼ばれており、京都市北区大北山（原谷）の原産で、元禄、宝永の頃（1688年以降）から現在の北区鷹峯で栽培されるようになったとされています。,形状は、根部、茎葉とも一見小かぶらに似ていて、非常に小さく、直径は3～5cm位です。葉柄、中央の葉脈の基部は紫色をしており根部には強い辛味があります。,現在3戸の栽培があります。 原系統については「京都市特産そ菜保存ほ」として京都市が種子の保存を北区鷹峯地区の農家に委託しています。,11月上旬,3月下旬
K015,青味だいこん,あおみだいこん,80,77,44,32,28,9,大根レイピア,細身の刀身で一突き！,特殊攻撃,SA,ブーメラン,くの字に曲がる伝統！,,アクティブ,AS,さわやかな風,細身でさわやかなイケメン！,味方全体の防御力・特防常に+10,ゴールド青,〇,－,－,－,京都市産業観光局農林振興室,現在の中京区西ノ京（旧葛野郡朱雀野村）が原産とされていますが約150年前の文化・文政の頃（1804～1830）、現在の右京区西京極で栽培されていて今は絶滅した「郡だいこん」の変異種として作出されたようです。,尾部が1～2箇所で屈曲する中生系の大根で、茎葉は濃緑色、根身は長さ12～15cm、直径1～1.5cm、地表部が濃緑色で青味の多いものが良いものとされます。根部は断面も青く、冬場にきゅうりの代わりとして利用されたようです。,現在7戸の栽培があり、「京都市特産そ菜保存ほ」として京都市が種子の保存を下京区七条地区の農家に委託しています。,11月上旬,3月上旬
K016,茎だいこん,くきだいこん,110,63,25,41,24,7,だいこん殴り,ふくれた部分でぶん殴る！,敵にデバフ,EB,尻づまり,お尻のでかさで圧倒！,敵の攻撃力ダウン！,パッシブ,PS,中堂寺,三百年の伝統だいこん！,2ターンの間、敵一体の防御力-20,ゴールド青,〇,－,－,－,京都市産業観光局農林振興室,別名「中堂寺大根」ともよばれ、約300年前には京都で広く栽培されていた在来種であると考えられています。市内の各地で栽培されていたので南禅寺大根や、吉田大根など各々の地名でも呼ばれていたようです。左京区松ヶ崎は、この大根の栽培に適した気候・土質であったため、現在も栽培が続けられています。,茎葉は繊細な感じで淡緑色であり、葉柄は細く柔軟です。根部は純白色で根の先がやや太く、尻づまりしています。,現在3戸の栽培があり、「京都市特産そ菜保存ほ」として京都市が種子の保存を左京区松ヶ崎地区の農家に委託しています。,11月上旬,2月下旬
K017,桃山だいこん,ももやまだいこん,120,90,40,5,10,5,大根バット,重量を生かした体当たり！,特殊攻撃,SA,筋肉質,実が締まってるマッチョ大根！,,パッシブ,PS,伏見桃山城,秀吉の豪華絢爛な城！,3ターンの間、味方一体の防御力・特防+15,ゴールド青,〇,－,－,－,京都市産業観光局農林振興室,起源は明らかではありませんが、滋賀県にあった伊吹山大根を桃山の一部（大亀谷）に移して栽培したものと言われています。 この大根は根の先が細くねずみの尻尾の様であったことから、鼠大根とも呼ばれていました。文献から推察すると、300年前後の歴史を持っていると考えられています。しかし大亀谷大根と桃山大根は別のもので、桃山大根は従来京都で栽培されていた中堂寺系大根であるという説もあります。,根部は短くて根首と先端がほぼ同じ大きさで、直径6～8cm、長さ30cm内外、肉質が非常にしまっています。たくあんにしたときに品質が長い期間保持されることから、漬物として多く利用されていました。,現在1戸のみで栽培されており、「京都市特産そ菜保存ほ」として京都市が種子の保存を伏見区向島地区の農家に委託しています。,11月上旬,3月上旬
K018,松ヶ崎浮菜かぶ,まつがさきうきなかぶ,70,50,50,45,30,25,かぶりつき,鋭い歯のかぶりつき！,味方にバフ,MB,浮舟,宙に浮いて攻撃回避！,味方の素早さアップ！,アクティブ,AS,松ヶ崎大黒天,打ち出の小槌！,敵全体の攻撃力常に-10,ゴールド青,〇,－,－,－,京都市産業観光局農林振興室,古い記録はありませんが、奈良時代に僧がいずれかから伝えたとの説があります。また、近江かぶが京都に導入されて栽培される間に松ヶ崎浮菜かぶになったとも言われています。古くから左京区松ヶ崎に栽培された、地域固有のかぶの品種です。,葉は滑らかで欠刻が深く、みず菜の変り品種のようで、地下部が肥大する頃からかぶの上部から茎葉が増える、葉数の多い特殊なかぶです。,現在1戸のみで栽培されており、「京都市特産そ菜保存ほ」として京都市が種子の保存を北区上賀茂地区の農家に委託しています。,11月上旬,3月下旬
K019,うぐいす菜,うぐいすな,80,68,38,60,10,14,なっぱビンタ,葉っぱでひっぱたく！,味方にバフ,MB,うぐいすの鳴く頃,春のウキウキ感があふれる！,味方の攻撃力アップ！,パッシブ,PS,貴族の誇り,身分の高い人しか食べられない高級野菜！,3ターンの間、味方一体のパラメータ+10 ,ゴールド青,〇,－,－,－,京都市産業観光局農林振興室,江戸時代の中期に、現在の中京区神泉苑町の農家が天王寺かぶの早生種作出のために選抜淘汰してできたとされ、早春の菜としてうぐいすの鳴く頃に収穫されることから呼ばれたとも言われています。 江戸時代には公卿、大宮人等の専用料理に愛用されて、高級そ菜として栽培されてきました。,早生小かぶに属し、葉は光沢のある壬生菜のような形で、根は純白色のやや偏円形で、は種後40～50日で親指大で収穫します。,現在1戸のみで栽培されており、「京都市特産そ菜保存ほ」として京都市が種子の保存を下京区七条地区の農家に委託しています。,12月下旬,2月下旬
K020,すぐき菜,すぐきな,100,49,41,39,30,11,すぐきダブルアタック,なっぱでビンタ、かぶパンチ！,敵にデバフ,EB,漬物石,重い石を敵に乗せる！,敵の素早さダウン！,パッシブ,PS,乳酸菌発酵,お腹に良い乳酸菌がいっぱい！,3ターンの間、この野菜のパラメータを+15,ゴールド青,〇,－,－,－,京都市産業観光局農林振興室,古くから北区上賀茂に伝承するもので、起源は定かではなく約300年前と推察されています。地域的に限られた状況で栽培されたため栽培についての文献は無く、地元住民の口伝えによるのみです。 栽培起源の有力な説は2説ありますが、ふたつとも栽培創始者が賀茂別雷神社(上賀茂神社)の社家某であることが共通していることから、神社との密接な関連性があると思われます。,根は円錐状であり、葉は濃緑色で、葉、根部とも大別して各々三つの系統群があります。すぐき漬けはその独特の酸味が特徴ですが、これは乳酸醗酵によるもので天秤を利用した漬け込みと、むろ室での醗酵を組み合わせた独自の手法によって作り出されます。,現在北区上賀茂・大宮の農家約100戸が栽培しています。,9月中旬,11月下旬
K021,もぎなす,もぎなす,60,40,30,80,30,30,なす乱れ打ち,集団での一斉アタック！,敵にデバフ,EB,チクチク,へたのチクチクでイラつかせろ！,敵の攻撃力ダウン！,アクティブ,AS,からし漬け,もぎなすの定番、からし漬け！,味方全体の攻撃力常に+10,ゴールド青,〇,－,－,－,京都市産業観光局農林振興室,天保年間に油引きの障子を利用した育苗法が開発され、現在の左京区聖護院では苗の栽培や、なすの促成栽培が盛んに行われていました。そのような環境の中で慶応、明治初年頃、在来なすの中に早生で草丈の低い系統が出現。促成栽培用品種として栽培されるようになりもぎなすが生まれたようです。,極早生系で草丈が低く、横枝が良く張り、結果数も多く、葉は小さくて茎も細く、果実は紫黒色。普通の千両なすの幼少果実のへた周辺が着色していないのに対し、もぎなすは、へたの際まで着色しているのが特徴です。,現在2戸の栽培があり、「京都市特産そ菜保存ほ」として京都市が種子の保存を左京区一乗寺地区の農家に委託しています。,6月上旬,9月下旬
K022,田中とうがらし,たなかとうがらし,70,100,30,40,15,15,ライオンキング,獅子の噛みつき攻撃！,敵にデバフ,EB,獅子の咆哮,元祖ししとう。王者の咆哮！,敵の攻撃力ダウン！,パッシブ,PS,ねこじゃらし,獅子もネコ科！,3ターンの間、敵全体の素早さ-10,ゴールド青,〇,－,－,－,京都市産業観光局農林振興室,起源は明らかではありませんが、明治初年に左京区田中地区の農家が滋賀県から種子を持ち帰って栽培を始めたと伝えられています。田中地区一帯で栽培されていたので、この名前をつけ販売されていました。やがて田中地区の都市化に伴い、左京区一乗寺から山科区へと広まったといわれています。,果は太くて短く、小型で果の先端がつまり、獅子の頭の形状になっているので「ししとうがらし」とも言われます。種が少なく、色は濃緑色で辛味はありません。,本来の形質のものを栽培している農家はわずかですが、改良種は全国で栽培されています。「京都市特産そ菜保存ほ」として京都市が種子の保存を北区上賀茂地区の農家に委託しています。,6月上旬,9月下旬
K023,桂うり,かつらうり,130,30,48,26,28,8,うりボンバー,巨体を生かした体当たり！,味方にバフ,MB,完熟芳香,完熟すると甘い香り漂う！,味方の防御力アップ！,パッシブ,PS,奈良漬け,京野菜なのに奈良漬けとはいかに！,3ターンの間、敵全体の攻撃力・特攻-10、防御力・特防+10,ゴールド青,〇,－,－,－,京都市産業観光局農林振興室,起源について詳しいことは不明ですが、越うりの一種で、大越うりを栽培している中から品質の優れた特に大型のものを選抜して栽培していたと言われています。 また、元和3年（1617）には智仁親王が川遊びやうり見に現在の西京区桂に訪れたと文献にあり、それ以前から栽培されていたと考えられています。,果皮は緑白色で果肉は厚く、頭部、尻部とも太くて肉質は厚く、ち密で甘味と芳香に富みます。漬物にしても形がくずれにくいことから、未熟果が奈良漬の原料として利用されてきました。近年、完熟果の機能性が発見され、製菓原料等としての利用も検討されています。,「京都市特産そ菜保存ほ」として京都市が種子の保存を西京区上桂地区の農家に委託しています。,6月中旬,8月中旬
K024,柊野ささげ,ひらぎのささげ,80,95,20,25,15,35,ささげウイップ,ムチのような体でしばきたおす！,特殊攻撃,SA,巻きつき,長すぎるボディの巻きつき！,,アクティブ,AS,ロングライダー,長さそれは美しさ！,味方全体の特防常に+10,ゴールド青,〇,－,－,－,京都市産業観光局農林振興室,現在の北区上賀茂柊野地域特有の作物で、栽培の起源等は文献がなく不明ですが、300年くらい前から栽培されていると考えられています。昔からお盆には必ず仏前に供えたという記録もあり、明治維新以降も多く栽培されていましたが短系のささげが広く栽培されるようになったことから、激減しました。,他のささげより長く、80～90cmになるので、三尺ささげとも言います。葉は濃緑色で葉形はやや長く、毛じ（細かい毛）がありません。,現在1戸のみで栽培されており、「京都市特産そ菜保存ほ」として京都市が種子の保存を北区上賀茂地区の農家に委託しています。,6月上旬,9月下旬
K025,畑菜,はたけな,80,66,41,35,28,20,ひっぱたき菜,身も心も痛い一撃！,特殊攻撃,SA,畑菜からし和え,子供は泣いちゃう刺激！,,パッシブ,PS,菜種油,昔は油をとるために栽培されていたのだ！,次の1ターンの間、敵全体の素早さ+10、防御力・特防-20,ゴールド青,〇,－,－,－,京都市産業観光局農林振興室,起源は明らかではありませんが、菜種油用のものが野菜の少ない早春に若菜として利用され、それが改良されてできたのではないかと言われています。,草姿は菜種に類似しますが、葉、柄共に欠刻が大きいことが特徴です。京都では初午の日に食べる伝統があります。,伏見区久我地域で多く生産され、「久我菜」とも呼ばれています。市内各地において昭和30年代までは広く栽培されていましたが現在では減少しています。,11月上旬,3月下旬
K026,京せり,きょうせり,80,36,49,55,30,20,シャッキリアロー,シャキっとした歯ごたえ！,特殊攻撃,SA,セリきざみ,細かくきざんで薬味に最高！,,パッシブ,PS,爽やかな香り,上品な芳香で鋭気を養え！,2ターンの間、味方一体の攻撃力・特攻・素早さ+30、防御力・特防-50,ゴールド青,〇,－,－,－,京都市産業観光局農林振興室,"承和5年（838）の文献にせりの栽培が記載されていることからねぎの栽培とともに古く,湧水の多い低湿地の利用として多く栽培されたようです。現在のような湧水栽培が行われたのは約300年前と言われています。",葉の形からとがったものを柳葉、丸味を帯びたものを丸葉と呼んでいます。さらに色や香り、栽培地域によって、京せり、青ぜり、お多福ぜり、山科ぜりに区別されています。,現在下京区西七条、南区久世で栽培されています。,11月中旬,3月上旬
K027,京うど,きょううど,100,56,5,46,30,33,うどスラッシャー,香り高く歯切れよし！,敵にデバフ,EB,うどの大木,でかくなったら食べられない！,敵の防御力ダウン！,アクティブ,AS,独活,止まっているのに動く幻を見せる！,味方全体のパラメータ常に+5,ゴールド青,〇,－,－,－,京都市産業観光局農林振興室,江戸時代に現在の伏見区桃山の城下において、地元の農民の知恵と工夫によって生まれた栽培で、在来種が栽培されています。,根株をまんじゅう型に土盛りし軟化するため、茎は白く上がりますが、太短く、室栽培のようにスマートではありません。,伏見区桃山において2戸の栽培があります。,4月上旬,5月下旬
K028,京みょうが,きょうみょうが,80,85,45,30,16,14,ロングみょうがスピア,長ーいボディで串刺し！,敵にデバフ,EB,紅美人,スリムな紅色ボディに見とれろ！,敵の素早さダウン！,パッシブ,PS,誇り高き香り,良い香りで癒されろ！,味方一体のHP+50,ゴールド青,〇,－,－,－,京都市産業観光局農林振興室,江戸時代の終期、現在の伏見区桃山の農民、平兵衛が地下水の湧き出ている傍らに軟白している茗荷を見つけ、これをヒントに地元の豊富な湧水を利用して軟化栽培することを考案したのが始まりとされています。,みょうがの芽の長さ30cm、太さ1～1.5cmくらいのものが出荷されています。茎の色は黄色地に紅を帯びた色で、香りが良いのが特徴です。,伏見区桃山から栽培技術の伝承を受けるため左京区大原で栽培を進めています。,4月上旬,5月下旬
K029,万願寺 甘とう,まんがんじあまとう,90,80,40,40,10,10,とうがらしドリル,尖った先で攻撃する！,味方にバフ,MB,甘い吐息,とうがらしと見せかけて実は甘い！,味方の攻撃力アップ！,パッシブ,PS,とうがらしの王様,これなら子供も怖くない！,3ターンの間、味方一体の攻撃力・特攻+10,シルバー,－,〇,－,－,公益社団法人京のふるさと産品協会,今からおよそ百年前の大正時代、京都府舞鶴市万願寺で生まれた万願寺とうがらしの原種は、地元の住民たちの間で「おいしい」と評判になるも栽培がとてもむずかしく、ごく限られた地域の農家で自家野菜として栽培されるのみでしたが、台木の発見による継木栽培や育種、独自の工夫を加えた土づくりや防除など、産地をあげての努力と熱意の結果、現在では夏の京野菜を代表する一品として全国に出荷されています。,大型で肉厚とはいえタネが少なく食べやすいです。果実はとても柔らかでジューシー、甘みにくわえて独特の風味が味の良さを醸し出します。,JA京都にのくに管内（舞鶴市・綾部市・福知山市）で栽培。,5月中旬,10月下旬
K030,鷹峯とうがらし,たかがみねとうがらし,80,50,45,50,25,20,ホークマウンテンペッパー,鷹のくちばしのような鋭い先で攻撃！,味方にバフ,MB,甘い誘惑,このとうがらしも甘いぜ！,味方の攻撃力アップ！,アクティブ,AS,とうがらしの女王,万願寺が王様なら鷹峯は女王！,味方全体の攻撃力常に＋５,シルバー,－,〇,－,－,京都市産業観光局農林振興室,起源は明らかではありませんが、とうがらし類の栽培の歴史の中で、交雑種が固定されたものと考えられています。鷹峯地区近辺で生産されるとうがらしです。,果は大型で、肩の張りは無く、色は濃緑色をしており辛味はありません。肉厚で皮が薄いことが特長です。,,6月上旬,9月下旬
K031,花菜,はなな,70,60,40,70,20,10,平手打ち,菜っ葉でひっぱたけ！,特殊攻撃,SA,サンシャインフラワー,強い光で敵の目をくらませろ！,,パッシブ,PS,菜の花畑,ピクニック気分でほっこり！,3ターンの間、敵全体の素早さ-5,シルバー,－,〇,－,－,公益社団法人京のふるさと産品協会,原産地は北ヨーロッパ・シベリアで、元来植物油の原料として栽培されていました。明治時代に西洋アブラナが渡来してくるとすぐにそれが主流品種となり、それまで栽培されていた日本在来種は観賞用として栽培されるようになりました。 京都の花菜は、伏見桃山付近で切花用として栽培されていた寒咲なたねを食用に改良したものです。,たんぱく質、食物繊維、ビタミンＣ、カロテン、カルシウム、鉄がとても豊富な緑黄色野菜で、皮膚や粘膜の抵抗力を強めることから、風邪予防、美肌、老化防止、便秘等に効果があります。 濃い緑色で、茎や葉がピンと張り、切り口のみずみずしいものを選びます。,"例年、5月20日ごろに初出荷の時期を迎え、この頃は1キロあたり2,000円を超える高値で市場に出回ります。 出荷先の内訳は、京都市場へ約8割、首都圏へ約1割、その他へ約1割出荷されます。",12月上旬,3月下旬
K032,京てまり,きょうてまり,90,38,38,46,30,28,手まりアタック,手まりをぶっつけろ！,味方にバフ,MB,てまりブロック,鉄壁の手まりガード！,味方の防御力アップ！,パッシブ,PS,深紅の薔薇,普通のミニトマトより赤いぞ！,3ターンの間、味方一体の攻撃力+10,グリーン,－,－,〇,－,京都市産業観光局農林振興室,新京野菜として京都市と京都大学が共同研究により開発,直径5cm前後のトマトで、食味が濃厚で糖度が7～8度と高い、酸味が少ない、苦味の原因となる種が出来ない等の特徴があります。また他のトマトよりビタミンC及びベータカロテンの含有量が多く、栄養的にも優れています。,主に深草で生産出荷され、京都市内を中心に販売されています。受粉しなくても実がなる特性を持ち、冬季ハウスでの無加温栽培が可能です。,4月下旬,11月上旬
K033,京あかね,きょうあかね,110,58,32,30,20,20,トマト砲弾,砲弾型ボディでアタック！,味方にバフ,MB,巨大ミニトマト,ミニなのにでかい！,味方の攻撃力アップ！,アクティブ,AS,濃厚トマトン,濃い味としっかりした肉質！,味方全体の防御力・特防+5,グリーン,－,－,〇,－,京都市産業観光局農林振興室,新京野菜として京都市と京都大学が共同研究により開発,京てまりよりも一回り大きいミディタイプのトマトで、形はやや縦長になります。程よい水分量で味が濃く、しっかりとした肉質を味わえるのが特徴です。また、京てまり同様苦味の原因となる種が出来ません。,主に久我で生産出荷され、京都市内を中心に販売されています。受粉しなくても実がなる特性を持っています。,4月下旬,11月上旬
K034,さやだいこん,さやだいこん,60,93,28,50,15,24,さやマシンガン,次々と発射される大根のさや！,特殊攻撃,SA,大根乱,大根を食べない大根！,,パッシブ,PS,花散る里,花が散った後のさやを食べろ！,次の1ターンの間、敵一体の素早さ0,グリーン,－,－,〇,－,京都市産業観光局農林振興室,原産地は不明ですが、インド北部やタイ北部で栽培されています。,大根の若いさやを食するもので、さやの長さは15cm～20cm程度。根部はあまり肥大せず、食用ではありません。歯切れが良く、大根特有のピリッとした辛味があります。,左京区,4月上旬,11月下旬
K035,京唐菜,きょうとうな,80,54,6,95,9,26,唐菜しばき,葉っぱでしばけ！,特殊攻撃,SA,ペッパーリーフ,食べよ葉っぱのとうがらし！,,パッシブ,PS,フェイクニュース,唐辛子なのに菜っぱ！,次の1ターンの間、味方一体の素早さ+20,グリーン,－,－,〇,－,京都市産業観光局農林振興室,葉と茎を食べるために改良されたとうがらしで、果実は食用としません。,普通のとうがらしに比べ茎の部分も軟らかく、熱を加えると苦味とえぐみが消えます。ビタミンCやカルシウムが豊富で、夏場に不足しがちな葉物野菜として利用できます。,収穫期が長く、6月から11月にかけて何度も収穫が可能です。京都市内を中心に販売されており、主に京北地域と嵯峨で生産出荷されています。,6月上旬,9月下旬
K036,京の花街みょうが,きょうのはなまちみょうが,90,35,35,68,20,22,みょうがドリル,みょうがドリルで穴だらけ！,敵にデバフ,EB,刺激的な味わい,強い刺激で敵を泣かせろ！,敵の攻撃力ダウン！,アクティブ,AS,ビッグミョーガ,普通のみょうがよりでかい！,敵全体の攻撃力・特攻常に-5,グリーン,－,－,〇,－,京都市産業観光局農林振興室,新京野菜として京都市と京都大学が共同研究により開発,花穂を食用とする花みょうがで、晩夏から初秋にかけて収穫されます。通常のみょうがに比べて大きく、また紅色の発色が良く香りも良いため、みょうが寿司にも重宝されています。,主に大原野地域と京北地域で生産出荷され、9月から10月にかけて京都市内を中心に販売されています。,9月中旬,10月中旬
K037,京ラフラン,きょうらふらん,90,63,44,30,24,19,ダブルスラッシュ,大根＆キャベツのダブル攻撃！,味方にバフ,MB,豊富栄養,ビタミンやカルシウムで元気一杯！,味方の素早さアップ！,パッシブ,PS,免疫力強化,病気に強い新京野菜！,味方一体のHP+30,グリーン,－,－,〇,－,京都市産業観光局農林振興室,生でかじると大根のようで、ゆでるとキャベツのような甘みがある、属間雑種（だいこんとキャベツ・コールラビ）により生まれた新しい野菜です。,花蕾、葉、茎を食用とします。栄養価は、ほうれんそうと比べカルシウムが1.7倍、ビタミンB6が1.8倍、総ビタミンCが2.9倍含まれています。,主に京北地域で生産出荷され、3月下旬から5月にかけて京都市内を中心に販売されています。,3月中旬,5月中旬
K038,京北子宝いも,けいほくこだからいも,110,85,25,45,3,2,子宝ボンバー,子芋がいっぱい！,特殊攻撃,SA,強化トロミ,普通の里芋より強いとろみ！,,パッシブ,PS,京北の風,京北よいとこ一度はおいで！,次の1ターンの間、味方一体の攻撃力+30,グリーン,－,－,〇,－,京都市産業観光局農林振興室,里芋の突然変異株で、芋のなり方と京北地域の過疎防止の願いを込めて公募で命名されました。,従来品種より子芋が密集して着き親芋もやわらかい、とろみ成分が多くて美味しい、調理する際に手がかゆくなりにくい等の特徴があります。,京北地区初の産地限定ブランド農産物として生産出荷され、10月から11月にかけて京都市内を中心に販売されています。,10月上旬,11月下旬
K039,金時にんじん,きんときにんじん,90,80,20,50,12,18,にんじんドリル,回転しながら土を掘れ！,敵にデバフ,EB,紅の輝き,強い赤味で敵を威嚇する！,敵の攻撃力ダウン！,アクティブ,AS,坂田金時,熊にまたがれ！,味方全体の攻撃力・特攻+3,ブラウン,－,－,－,〇,公益社団法人京のふるさと産品協会,にんじんはアフガニスタンが原産で10世紀頃中近東に伝わり、これより東に伝わったものが東洋系（金時にんじん等）で西に伝わったものが西洋系（西洋にんじん）となりました。金時にんじんは16世紀末（江戸時代初期）に中国から日本へ伝えられたとされています。根が長く収穫しにくいということから、扱いやすい西洋にんじんに次第に追われて1970年以降は激減しています。,根が長く赤色系が多くて肉質が緻密で軟らかいのが特徴。甘味が強くてカロテンを含まないためにんじん臭が少なく風味がよい。収量が少なく割れが生じやすい、とう立ちが早いことなどが、栽培上の課題です。金時にんじんの赤みはカロテンではなく、トマトと同じリコピンという色素で、活性酸素を除去して生活習慣病の予防に役立ちます。,関西地域で主に栽培されており、京にんじんとも呼ばれています。 京都市内では南区の上鳥羽が主な産地ですが、振売や直売用に北区や左京区でも高品質のものが栽培されています。,10月下旬,2月中旬
K040,京 夏ずきん,きょう なつずきん,80,40,41,66,30,13,枝豆マシンガンＡ,止まらないうまさ！,味方にバフ,MB,ずきんヘルム,ずきんをかぶって防御！,味方の防御力アップ！,パッシブ,PS,丹波黒大豆,俺様は丹波黒大豆の枝豆なのだ！,2ターンの間、味方一体の素早さ+10,ブラウン,－,－,－,〇,公益社団法人京のふるさと産品協会,おいしくて栄養価の高い丹波黒大豆枝豆を盛夏期にも味わっていただけるよう、京都府が育成した品種で、平成24年3月に京のブランド産品に認定されています。,「京 夏ずきん」は、京のブランド産品「紫ずきん」と同様、一般の枝豆に比べ粒が極めて大きく、食べたときのモチモチした食感と濃い甘味が最大の特徴の黒大豆枝豆です。「紫ずきん」よりも早く、夏場に出荷できるよう京都府が育成した品種で、「紫ずきん」同様、良質のタンパク質をはじめビタミンCやカルシウムなどを豊富に含んでいます。,主に丹波、亀岡、久美浜、峰山、八木、園部、京北、瑞穂、和知、福知山で栽培されています。,8月上旬,8月下旬
K041,紫ずきん,むらさきずきん,90,63,35,60,1,21,枝豆マシンガンＢ,やめられないうまさ！,特殊攻撃,SA,紫の誘惑,豆の薄皮のうす紫に萌えろ！,,パッシブ,PS,丹波黒大豆,俺様も最高級品質の枝豆だ！,2ターンの間、味方一体の攻撃力＋10,ブラウン,－,－,－,〇,公益社団法人京のふるさと産品協会,丹波黒大豆を品種改良して生ま丹波黒大豆は、おせち料理の黒豆の煮豆として有名ですが、収穫時期が遅いので年の瀬に間に合わせるため、栽培農家は収穫、乾燥、脱殻、選別に大忙しとなります。そこで、もっと早く収穫できる丹波黒大豆の品種が望まれ、京都府農業総合研究所が品種改良に取組み、早くから莢が太る系統を生み出しました。その内の一つで、煮物用ではなく枝豆用にと完成させて平成7年に品種登録したのが紫ずきんです。,莢や粒が極めて大きく、食べた時のムチムチとした食感と濃い甘味とコクが大きな特徴です。,紫ずきんは定植から収穫までの期間が短く、他の野菜と並行して栽培できるという利点がありますが、その反面、期間中の作業はマルチかけや支柱立て、テープ張り、除草など多岐にわたります。中でも病害虫の適期防除は、虫食いが少しでもあれば商品価値はなくなってしまうため特に注意が必要です。農薬も散布だけでは効果が弱いため、三頭口ホースを使いながら一株一株に行わなければいけません。,9月中旬,10月上旬
K042,京こかぶ,きょうこかぶ,100,37,37,65,5,26,かぶ頭突き,小さくてもかなり痛い！,特殊攻撃,SA,純白の肌,きめ細かな白肌に萌えろ！,,アクティブ,AS,スタイル抜群,かぶらしい美しいフォルム！,味方全体の防御力・特防常に+3,ブラウン,－,－,－,〇,公益社団法人京のふるさと産品協会,持統帝7年（693年）には、五穀（主食）を補う作物として栽培が奨励されたとされています。京こかぶの産地である京都市右京区京北地域は、総面積の93%を森林が占める豊かな自然に恵まれた山あいに位置しています。冷涼で昼夜の気温差が大きいことから京こかぶの栽培に適しており、約40年前より生産に取り組んでいます。平成19年には、「京のブランド産品」に認証されました。,真っ白な肌と鮮やかな葉のコントラストが美しい京こかぶは、緻密な肉質が生み出す繊細な甘味が特長で、根だけでなく葉もいただけるおいしいかぶらです。カブの根や葉にはビタミンA、B2、C、カルシウム、鉄、食物繊維が多く含まれています。また、根にはデンプン分解酵素のジアスターゼが多く含まれ、胃腸の働きを助けます。,土壌を良好に保つため、播種20日前に、苦土石灰と堆肥を全面散布し、あらかじめ深めに耕します。これは、土壌の酸度を矯正するためと、保水排水、肥料持ちをよくするためです。播種当日、BMようりん・CDU燐加安・油粕を施し畝幅150㎝の畝立をします。できるだけ平坦なまき床に仕上げるのが、生育をそろえるコツになります。,5月上旬,7月下旬
K043,やまのいも,やまのいも,120,50,10,60,30,0,いもクロス,クロスカウンター炸裂！,味方にバフ,MB,最強の粘り,粘って粘ってねばりぬけ！,味方の防御力アップ！,パッシブ,PS,滋養強壮,ヘルシー野菜の代表格！,次の1ターンの間、味方の攻撃力+10,ブラウン,－,－,－,〇,公益社団法人京のふるさと産品協会,個人での栽培の歴史は明治初期にまでさかのぼります。その後、昭和30年代に宮津市根菜部会が発足し、本格的な共同出荷が始まりました。,水分が少なく粘度が非常に高いのが特徴です。この粘質物は糖タンパク質で、血糖値の上昇をゆるやかにし、過剰に摂った物質を吸着させ排泄させます。芋の中では、麦とろなどの様に珍しく生食されますが、やまのいもは酵素（アミラーゼ等）が多く含まれるので、でんぷんは消化されると言われています。また、タンパク質、各種ミネラル、食物繊維が多く、葉酸、ビタミンCが少ないのが特徴です。この特有の成分特性のため、昔から漢方では山薬と呼び、滋養強壮作用のある植物性の生薬として用いられてきました。,古くから京都府の北部、宮津市の栗田地域で栽培されてきました。,11月上旬,1月下旬
K044,京丹波大黒本しめじ,きょうたんばだいこくほんしめじ,100,38,36,47,27,22,バッティングしめじ,しめじでディープインパクト！,特殊攻撃,SA,幻のキノコ,珍しすぎる野生の本しめじ！,,パッシブ,PS,本物の誇り,ブナシメジじゃない本しめじ！,敵一体の行動を一回休み　この野菜の行動も一回休み,ブラウン,－,－,－,〇,公益社団法人京のふるさと産品協会,京丹波町やタカラバイオ、今日丹波森林組合による第三セクター　瑞穂農林株式会社により、工場で人工栽培されています。,「香り松茸、味しめじ」といわれるように旨味成分が多く、料亭などで京料理の食材にも使われています。,技術的に人工栽培が非常に難しく、この工場でしか人工栽培は行われていない希少なこのうこです。,1月上旬,12月下旬
K045,京たんご梨,きょうたんごなし,110,60,30,30,20,20,なしクリティカル,なしの強烈な一撃！,敵にデバフ,EB,光センサー,光センサーで甘みを測定！,敵の素早さダウン！,アクティブ,AS,丹後の逸品,丹後地域の豊かな自然！,味方の防御力・特防常に+3,ブラウン,－,－,－,〇,公益社団法人京のふるさと産品協会,丹後の梨栽培の歴史は古く、明治時代から。爽やかな甘みが持ち味の二十世紀系品種です。,爽やかな甘みが持ち味の二十世紀系品種です。一つひとつを糖度センサーで測って、一定以上の糖度のあるものだけを、ブランド産品として認証しています。,京たんご梨は、京都府北部にある丹後半島で栽培されている梨で、海に面した丹後半島の澄んだ空気、清らかな水、ふりそそぐ太陽のもとで大切に育てられています。,8月下旬,9月下旬
K046,京たんごメロン,きょうたんごめろん,130,65,15,50,5,5,メロンハンマー,遠心力で攻撃力アップ！,敵にデバフ,EB,最高級,最高のブランドを称えよ！,敵の攻撃力ダウン！,パッシブ,PS,京丹後の誇り,フルーツの名産、京丹後市！,3ターンの間、敵全体の素早さを-3,ブラウン,－,－,－,〇,公益社団法人京のふるさと産品協会,｢京たんごメロン｣は、この京丹後市で栽培されている中でも最高級のメロンです。,濃厚な甘みと芳醇な香りが、｢京たんごメロン｣の特徴です。,海に面した京丹後市は、おいしいフルーツがとれる産地であり、初夏から秋にかけて、メロンもたくさん栽培されています。,7月上旬,8月中旬
K047,丹波くり,たんばくり,100,48,38,41,26,17,マロンニードル,栗のイガイガを連射！,味方にバフ,MB,鬼皮,栗の鬼皮が鎧と化す！,味方の防御力アップ！,パッシブ,PS,丹波の伝統,丹波の栗は歴史を刻む！,2ターンの間、味方一体の防御力+10,ブラウン,－,－,－,〇,公益社団法人京のふるさと産品協会,丹波の栗は古くから献上物として都に運ばれるとともに、江戸時代には年貢米の替わりとしても上納されてきました。,丹波地方での大果系の栗栽培の長い歴史と寒暖差のある栽培風土を踏まえた、少なくとも平安時代、場合によってはそれよりも古くから存在する、おそらく日本最古の地域ブランド作物名称である。,丹波栗は生産者の研究心も高く、時代時代に品種の選定や熱心な栽培技術の改良がなされてきた、農家の努力と丹波の風土・気象条件が生み出した京の逸品なのです。,10月中旬,11月上旬
K048,京都府産 丹波大納言小豆,きょうとふさん たんばだいなごんあずき,90,89,45,20,18,8,豆鉄砲,最強の対ハト兵器！,味方にバフ,MB,丈夫な皮,煮ても皮が破れない！,味方の攻撃力アップ！,アクティブ,AS,大納言,貴族の威光にふるえよ！,味方全体の攻撃力常に+5,ブラウン,－,－,－,〇,公益社団法人京のふるさと産品協会,武士は腹を切ることがあるが、公家である大納言は切腹をしないことから、煮ても皮が切れない小豆のことを別名・大納言とも呼んできました。,つぶが大きくて色艶が良く、独特の香りがあり京菓子等、最高の品質を求められる京都の高級菓子づくりのなかで、さらに選抜され研かれ、京都大納言小豆は味、品質、大きさとも日本一の座を守り続けています。,京都府の中南部、口丹地域といわれる亀岡盆地から船井郡辺りが、気象や土壌に恵まれ、古くから高品質の小豆を生み出す産地となってきました。,一年中,一年中
K049,京都府産黒大豆新丹波黒,きょうとふさんくろだいず しんたんばくろ,90,50,29,60,30,11,ブラックサンダー,黒い稲妻の一撃！,特殊攻撃,SA,ジャンボ豆,豆族のタイタン！,,パッシブ,PS,夜霧,夜霧が俺を強くする！,2ターンの間、敵一体の攻撃力-10 ,ブラウン,－,－,－,〇,公益社団法人京のふるさと産品協会,江戸時代頃からこの地で栽培されてきたのであろうといわれています。,大粒でシワがなく、煮炊きしても形崩れしないのが特徴です。 味、品質、大きさとも日本一といわれる新丹波黒大豆はカルシウムやビタミン、蛋白質を多く含む言わずもがなの健康食品です。,夏の昼夜の温度差と、秋の霧が黒豆を大きくゆっくり熟成させているのではないかともいわれています。,一年中,一年中
K050,室町時代の蔬菜図,むろまちじだいのそさいず,200,70,70,80,80,70,文化財指定ビーム,文化財指定の重みを思い知れ！,特殊攻撃,SA,狩野派の御威光,狩野派の御威光で敵を弱体化,敵の攻撃力ダウン！,アクティブ,AS,謎のなす,謎のなすで防御を強化！,常に防御力・特防+20,ゴールド赤,－,－,－,－,東京国立博物館（独立行政法人国立文化財機構）、ジャパンサーチ、CC－BY（教育・商用・非商用可）,室町時代、狩野秀頼筆,狩野秀頼は元信（もとのぶ）の次男。16世紀中頃を中心に活躍し、国宝の「観楓図屏風（かんぷうずびょうぶ）」の作者として知られる。蔬菜図は中国・宋代に文人が水墨の技法で野菜を描いたことに始まり、室町時代には牧谿（もっけい）の蔬菜図が伝来している。本図には茄子（なす）やマメ科の植物が描かれている。,　,謎,謎
K051,洛いも,らくいも,100,60,90,55,80,12,いもキャノン,大きいサイズは重量感もすごい！,味方にバフ,MB,いもづるバリア,光と熱をさえぎるステキなつる！,味方の防御力アップ！,パッシブ,PS,いもの可能性,スイーツ、焼酎でも大活躍！,3ターンの間、味方全体のパラメータ+10,ゴールド赤,－,－,－,－,精華町役場,京都府立大学が25年ほど前に沖縄の農家からイモを譲り受けたものです。京都の気候にあった栽培法が研究された後、2001年の冬から京都府立大学附属農場でイモの販売を開始しました。京都府立大学が系統を選抜・保管する特別の種芋から育てられたダイショです。京都の特産品に育ち、皆に幸運をもたらす作物となるよう願いを込め、名前に都（みやこ）を意味する「洛」を、ローマ字表記にはLUCKYの「L」をつけています。,「ダイショ（イモ）」は、ヤマイモの一種で、長芋より水分が少なく、粘りがとても強い。ほのかに甘味があります。皮をむいたりすりおろすと茶色く変わりますが、ポリフェノール成分によるもので問題ありません。,精華町が京都府立大学との連携協力包括協定による産学公連携事業として、特産化に取り組んでいます。,11月上旬,11月下旬
K052,京町セイカ,きょうまちせいか,300,60,80,70,85,20,セイカビーム,未来の技術はすごいのです！,味方にバフ,MB,セイカオーラ,精華の魅力、いっぱい伝わって！！,味方の攻撃力アップ！,パッシブ,PS,精華をしるもの,みなさん、精華町に来てね！！,4ターンの間、味方全体の素早さ+10,ゴールド赤,－,－,－,－,精華町役場,京町セイカは、世界をタイムパラドックスの脅威から守る未来の組織から、精華町に派遣された若きエージェントです。時間を行き来するための厳しい訓練に耐え、初めて与えられた任務の地が、現在の精華町だったのです！未来から時間を越えて平成25年、偶然にも自分の誕生日と同じ7月5日に、初めて精華町にやってきました。,精華町の広報活動をお手伝いしています。町章と同じグリーンが好きで、服装は何を着てもいつも緑色！,精華町の魅力発信だけではなく、せいか歩数計アプリをリリースして、健康寿命を延ばす取り組みなど幅広く活躍しているよ！,1月上旬,12月下旬
K053,夏秋いちご,かしゅういちご,110,75,75,75,75,15,いちごシャワー,いちご本来の甘みをご賞味あれ！,味方にバフ,MB,満点栄養パワー,いっぱい食べて栄養補給！,味方の防御力アップ！,パッシブ,PS,いちごスイーツ盛り合わせ,和菓子洋菓子なんでもオッケー！,敵全体一回休み,ゴールド赤,－,－,－,－,精華町役場,京都府精華町の観光農園「華やぎ観光農園」で2019年夏、府内で初めて夏に収穫できるイチゴの新品種「夏秋（かしゅう）いちご」の栽培に成功しました。,夏の高温期でも収穫できるのが特徴で比較的酸味が強いものの、糖度も香りもほどよい味です。,京都府内で最大の栽培面積である精華町で栽培が行われています。,6月上旬,7月下旬
,,,,,,,,,,,,,,,,,,,,,,,,,,,,,,,
,,,,,,,,,,,,,,,,,,,,,,,,,,,,,,,
,,,,,,,,,,,,,,,,,,,,,,,,,,,,,,,
,,,,,,,,,,,,,,,,,,,,,,,,,,,,,,,
,,,,,,,,,,,,,,,,,,,,,,,,,,,,,,,
,,,,,,,,,,,,,,,,,,,,,,,,,,,,,,,
,,,,,,,,,,,,,,,,,,,,,,,,,,,,,,,
,,,,,,,,,,,,,,,,,,,,,,,,,,,,,,,
,,,,,,,,,,,,,,,,,,,,,,,,,,,,,,,
,,,,,,,,,,,,,,,,,,,,,,,,,,,,,,,
,,,,,,,,,,,,,,,,,,,,,,,,,,,,,,,
,,,,,,,,,,,,,,,,,,,,,,,,,,,,,,,
,,,,,,,,,,,,,,,,,,,,,,,,,,,,,,,
,,,,,,,,,,,,,,,,,,,,,,,,,,,,,,,
,,,,,,,,,,,,,,,,,,,,,,,,,,,,,,,
,,,,,,,,,,,,,,,,,,,,,,,,,,,,,,,
,,,,,,,,,,,,,,,,,,,,,,,,,,,,,,,
,,,,,,,,,,,,,,,,,,,,,,,,,,,,,,,
,,,,,,,,,,,,,,,,,,,,,,,,,,,,,,,
,,,,,,,,,,,,,,,,,,,,,,,,,,,,,,,
,,,,,,,,,,,,,,,,,,,,,,,,,,,,,,,
,,,,,,,,,,,,,,,,,,,,,,,,,,,,,,,
,,,,,,,,,,,,,,,,,,,,,,,,,,,,,,,
,,,,,,,,,,,,,,,,,,,,,,,,,,,,,,,
,,,,,,,,,,,,,,,,,,,,,,,,,,,,,,,
,,,,,,,,,,,,,,,,,,,,,,,,,,,,,,,
,,,,,,,,,,,,,,,,,,,,,,,,,,,,,,,
,,,,,,,,,,,,,,,,,,,,,,,,,,,,,,,
,,,,,,,,,,,,,,,,,,,,,,,,,,,,,,,
,,,,,,,,,,,,,,,,,,,,,,,,,,,,,,,
,,,,,,,,,,,,,,,,,,,,,,,,,,,,,,,
,,,,,,,,,,,,,,,,,,,,,,,,,,,,,,,
,,,,,,,,,,,,,,,,,,,,,,,,,,,,,,,
,,,,,,,,,,,,,,,,,,,,,,,,,,,,,,,
,,,,,,,,,,,,,,,,,,,,,,,,,,,,,,,
,,,,,,,,,,,,,,,,,,,,,,,,,,,,,,,
,,,,,,,,,,,,,,,,,,,,,,,,,,,,,,,
,,,,,,,,,,,,,,,,,,,,,,,,,,,,,,,
,,,,,,,,,,,,,,,,,,,,,,,,,,,,,,,
,,,,,,,,,,,,,,,,,,,,,,,,,,,,,,,
,,,,,,,,,,,,,,,,,,,,,,,,,,,,,,,
,,,,,,,,,,,,,,,,,,,,,,,,,,,,,,,
,,,,,,,,,,,,,,,,,,,,,,,,,,,,,,,
,,,,,,,,,,,,,,,,,,,,,,,,,,,,,,,
,,,,,,,,,,,,,,,,,,,,,,,,,,,,,,,
,,,,,,,,,,,,,,,,,,,,,,,,,,,,,,,
,,,,,,,,,,,,,,,,,,,,,,,,,,,,,,,
,,,,,,,,,,,,,,,,,,,,,,,,,,,,,,,
,,,,,,,,,,,,,,,,,,,,,,,,,,,,,,,
,,,,,,,,,,,,,,,,,,,,,,,,,,,,,,,
,,,,,,,,,,,,,,,,,,,,,,,,,,,,,,,
,,,,,,,,,,,,,,,,,,,,,,,,,,,,,,,
,,,,,,,,,,,,,,,,,,,,,,,,,,,,,,,
,,,,,,,,,,,,,,,,,,,,,,,,,,,,,,,
,,,,,,,,,,,,,,,,,,,,,,,,,,,,,,,
,,,,,,,,,,,,,,,,,,,,,,,,,,,,,,,
,,,,,,,,,,,,,,,,,,,,,,,,,,,,,,,
,,,,,,,,,,,,,,,,,,,,,,,,,,,,,,,
,,,,,,,,,,,,,,,,,,,,,,,,,,,,,,,
,,,,,,,,,,,,,,,,,,,,,,,,,,,,,,,
,,,,,,,,,,,,,,,,,,,,,,,,,,,,,,,
,,,,,,,,,,,,,,,,,,,,,,,,,,,,,,,
,,,,,,,,,,,,,,,,,,,,,,,,,,,,,,,
,,,,,,,,,,,,,,,,,,,,,,,,,,,,,,,
,,,,,,,,,,,,,,,,,,,,,,,,,,,,,,,
,,,,,,,,,,,,,,,,,,,,,,,,,,,,,,,
,,,,,,,,,,,,,,,,,,,,,,,,,,,,,,,
,,,,,,,,,,,,,,,,,,,,,,,,,,,,,,,
,,,,,,,,,,,,,,,,,,,,,,,,,,,,,,,
,,,,,,,,,,,,,,,,,,,,,,,,,,,,,,,
,,,,,,,,,,,,,,,,,,,,,,,,,,,,,,,
,,,,,,,,,,,,,,,,,,,,,,,,,,,,,,,
,,,,,,,,,,,,,,,,,,,,,,,,,,,,,,,
,,,,,,,,,,,,,,,,,,,,,,,,,,,,,,,
,,,,,,,,,,,,,,,,,,,,,,,,,,,,,,,
,,,,,,,,,,,,,,,,,,,,,,,,,,,,,,,
,,,,,,,,,,,,,,,,,,,,,,,,,,,,,,,
,,,,,,,,,,,,,,,,,,,,,,,,,,,,,,,
,,,,,,,,,,,,,,,,,,,,,,,,,,,,,,,
,,,,,,,,,,,,,,,,,,,,,,,,,,,,,,,
,,,,,,,,,,,,,,,,,,,,,,,,,,,,,,,
,,,,,,,,,,,,,,,,,,,,,,,,,,,,,,,
,,,,,,,,,,,,,,,,,,,,,,,,,,,,,,,
,,,,,,,,,,,,,,,,,,,,,,,,,,,,,,,
,,,,,,,,,,,,,,,,,,,,,,,,,,,,,,,
,,,,,,,,,,,,,,,,,,,,,,,,,,,,,,,
,,,,,,,,,,,,,,,,,,,,,,,,,,,,,,,
,,,,,,,,,,,,,,,,,,,,,,,,,,,,,,,
,,,,,,,,,,,,,,,,,,,,,,,,,,,,,,,
,,,,,,,,,,,,,,,,,,,,,,,,,,,,,,,
,,,,,,,,,,,,,,,,,,,,,,,,,,,,,,,
,,,,,,,,,,,,,,,,,,,,,,,,,,,,,,,
,,,,,,,,,,,,,,,,,,,,,,,,,,,,,,,
,,,,,,,,,,,,,,,,,,,,,,,,,,,,,,,
,,,,,,,,,,,,,,,,,,,,,,,,,,,,,,,
,,,,,,,,,,,,,,,,,,,,,,,,,,,,,,,
,,,,,,,,,,,,,,,,,,,,,,,,,,,,,,,
,,,,,,,,,,,,,,,,,,,,,,,,,,,,,,,
,,,,,,,,,,,,,,,,,,,,,,,,,,,,,,,
,,,,,,,,,,,,,,,,,,,,,,,,,,,,,,,
,,,,,,,,,,,,,,,,,,,,,,,,,,,,,,,
,,,,,,,,,,,,,,,,,,,,,,,,,,,,,,,
,,,,,,,,,,,,,,,,,,,,,,,,,,,,,,,
,,,,,,,,,,,,,,,,,,,,,,,,,,,,,,,
,,,,,,,,,,,,,,,,,,,,,,,,,,,,,,,
,,,,,,,,,,,,,,,,,,,,,,,,,,,,,,,
,,,,,,,,,,,,,,,,,,,,,,,,,,,,,,,
,,,,,,,,,,,,,,,,,,,,,,,,,,,,,,,
,,,,,,,,,,,,,,,,,,,,,,,,,,,,,,,
,,,,,,,,,,,,,,,,,,,,,,,,,,,,,,,
,,,,,,,,,,,,,,,,,,,,,,,,,,,,,,,
,,,,,,,,,,,,,,,,,,,,,,,,,,,,,,,
,,,,,,,,,,,,,,,,,,,,,,,,,,,,,,,
,,,,,,,,,,,,,,,,,,,,,,,,,,,,,,,
,,,,,,,,,,,,,,,,,,,,,,,,,,,,,,,
,,,,,,,,,,,,,,,,,,,,,,,,,,,,,,,
,,,,,,,,,,,,,,,,,,,,,,,,,,,,,,,
,,,,,,,,,,,,,,,,,,,,,,,,,,,,,,,
,,,,,,,,,,,,,,,,,,,,,,,,,,,,,,,
,,,,,,,,,,,,,,,,,,,,,,,,,,,,,,,
,,,,,,,,,,,,,,,,,,,,,,,,,,,,,,,
,,,,,,,,,,,,,,,,,,,,,,,,,,,,,,,
,,,,,,,,,,,,,,,,,,,,,,,,,,,,,,,
,,,,,,,,,,,,,,,,,,,,,,,,,,,,,,,
,,,,,,,,,,,,,,,,,,,,,,,,,,,,,,,
,,,,,,,,,,,,,,,,,,,,,,,,,,,,,,,
,,,,,,,,,,,,,,,,,,,,,,,,,,,,,,,
,,,,,,,,,,,,,,,,,,,,,,,,,,,,,,,
,,,,,,,,,,,,,,,,,,,,,,,,,,,,,,,
,,,,,,,,,,,,,,,,,,,,,,,,,,,,,,,
,,,,,,,,,,,,,,,,,,,,,,,,,,,,,,,
,,,,,,,,,,,,,,,,,,,,,,,,,,,,,,,
,,,,,,,,,,,,,,,,,,,,,,,,,,,,,,,
,,,,,,,,,,,,,,,,,,,,,,,,,,,,,,,
,,,,,,,,,,,,,,,,,,,,,,,,,,,,,,,
,,,,,,,,,,,,,,,,,,,,,,,,,,,,,,,
,,,,,,,,,,,,,,,,,,,,,,,,,,,,,,,
,,,,,,,,,,,,,,,,,,,,,,,,,,,,,,,
,,,,,,,,,,,,,,,,,,,,,,,,,,,,,,,
,,,,,,,,,,,,,,,,,,,,,,,,,,,,,,,
,,,,,,,,,,,,,,,,,,,,,,,,,,,,,,,
,,,,,,,,,,,,,,,,,,,,,,,,,,,,,,,
,,,,,,,,,,,,,,,,,,,,,,,,,,,,,,,
,,,,,,,,,,,,,,,,,,,,,,,,,,,,,,,
,,,,,,,,,,,,,,,,,,,,,,,,,,,,,,,
,,,,,,,,,,,,,,,,,,,,,,,,,,,,,,,
,,,,,,,,,,,,,,,,,,,,,,,,,,,,,,,
,,,,,,,,,,,,,,,,,,,,,,,,,,,,,,,
,,,,,,,,,,,,,,,,,,,,,,,,,,,,,,,
,,,,,,,,,,,,,,,,,,,,,,,,,,,,,,,
,,,,,,,,,,,,,,,,,,,,,,,,,,,,,,,
,,,,,,,,,,,,,,,,,,,,,,,,,,,,,,,
,,,,,,,,,,,,,,,,,,,,,,,,,,,,,,,
,,,,,,,,,,,,,,,,,,,,,,,,,,,,,,,
,,,,,,,,,,,,,,,,,,,,,,,,,,,,,,,
,,,,,,,,,,,,,,,,,,,,,,,,,,,,,,,
,,,,,,,,,,,,,,,,,,,,,,,,,,,,,,,
,,,,,,,,,,,,,,,,,,,,,,,,,,,,,,,
,,,,,,,,,,,,,,,,,,,,,,,,,,,,,,,
,,,,,,,,,,,,,,,,,,,,,,,,,,,,,,,
,,,,,,,,,,,,,,,,,,,,,,,,,,,,,,,
,,,,,,,,,,,,,,,,,,,,,,,,,,,,,,,
,,,,,,,,,,,,,,,,,,,,,,,,,,,,,,,
,,,,,,,,,,,,,,,,,,,,,,,,,,,,,,,
,,,,,,,,,,,,,,,,,,,,,,,,,,,,,,,
,,,,,,,,,,,,,,,,,,,,,,,,,,,,,,,
,,,,,,,,,,,,,,,,,,,,,,,,,,,,,,,
,,,,,,,,,,,,,,,,,,,,,,,,,,,,,,,
,,,,,,,,,,,,,,,,,,,,,,,,,,,,,,,
,,,,,,,,,,,,,,,,,,,,,,,,,,,,,,,
,,,,,,,,,,,,,,,,,,,,,,,,,,,,,,,
,,,,,,,,,,,,,,,,,,,,,,,,,,,,,,,
,,,,,,,,,,,,,,,,,,,,,,,,,,,,,,,
,,,,,,,,,,,,,,,,,,,,,,,,,,,,,,,
,,,,,,,,,,,,,,,,,,,,,,,,,,,,,,,
,,,,,,,,,,,,,,,,,,,,,,,,,,,,,,,
,,,,,,,,,,,,,,,,,,,,,,,,,,,,,,,
,,,,,,,,,,,,,,,,,,,,,,,,,,,,,,,
,,,,,,,,,,,,,,,,,,,,,,,,,,,,,,,
,,,,,,,,,,,,,,,,,,,,,,,,,,,,,,,
,,,,,,,,,,,,,,,,,,,,,,,,,,,,,,,
,,,,,,,,,,,,,,,,,,,,,,,,,,,,,,,
,,,,,,,,,,,,,,,,,,,,,,,,,,,,,,,
,,,,,,,,,,,,,,,,,,,,,,,,,,,,,,,
,,,,,,,,,,,,,,,,,,,,,,,,,,,,,,,
,,,,,,,,,,,,,,,,,,,,,,,,,,,,,,,
,,,,,,,,,,,,,,,,,,,,,,,,,,,,,,,
,,,,,,,,,,,,,,,,,,,,,,,,,,,,,,,
,,,,,,,,,,,,,,,,,,,,,,,,,,,,,,,
,,,,,,,,,,,,,,,,,,,,,,,,,,,,,,,
,,,,,,,,,,,,,,,,,,,,,,,,,,,,,,,
,,,,,,,,,,,,,,,,,,,,,,,,,,,,,,,
,,,,,,,,,,,,,,,,,,,,,,,,,,,,,,,
,,,,,,,,,,,,,,,,,,,,,,,,,,,,,,,
,,,,,,,,,,,,,,,,,,,,,,,,,,,,,,,
,,,,,,,,,,,,,,,,,,,,,,,,,,,,,,,
,,,,,,,,,,,,,,,,,,,,,,,,,,,,,,,
,,,,,,,,,,,,,,,,,,,,,,,,,,,,,,,
,,,,,,,,,,,,,,,,,,,,,,,,,,,,,,,
,,,,,,,,,,,,,,,,,,,,,,,,,,,,,,,
,,,,,,,,,,,,,,,,,,,,,,,,,,,,,,,
,,,,,,,,,,,,,,,,,,,,,,,,,,,,,,,
,,,,,,,,,,,,,,,,,,,,,,,,,,,,,,,
,,,,,,,,,,,,,,,,,,,,,,,,,,,,,,,
,,,,,,,,,,,,,,,,,,,,,,,,,,,,,,,
,,,,,,,,,,,,,,,,,,,,,,,,,,,,,,,
,,,,,,,,,,,,,,,,,,,,,,,,,,,,,,,
,,,,,,,,,,,,,,,,,,,,,,,,,,,,,,,
,,,,,,,,,,,,,,,,,,,,,,,,,,,,,,,
,,,,,,,,,,,,,,,,,,,,,,,,,,,,,,,
,,,,,,,,,,,,,,,,,,,,,,,,,,,,,,,
,,,,,,,,,,,,,,,,,,,,,,,,,,,,,,,
,,,,,,,,,,,,,,,,,,,,,,,,,,,,,,,
,,,,,,,,,,,,,,,,,,,,,,,,,,,,,,,
,,,,,,,,,,,,,,,,,,,,,,,,,,,,,,,
,,,,,,,,,,,,,,,,,,,,,,,,,,,,,,,
,,,,,,,,,,,,,,,,,,,,,,,,,,,,,,,
,,,,,,,,,,,,,,,,,,,,,,,,,,,,,,,
,,,,,,,,,,,,,,,,,,,,,,,,,,,,,,,
,,,,,,,,,,,,,,,,,,,,,,,,,,,,,,,
,,,,,,,,,,,,,,,,,,,,,,,,,,,,,,,
,,,,,,,,,,,,,,,,,,,,,,,,,,,,,,,
,,,,,,,,,,,,,,,,,,,,,,,,,,,,,,,
,,,,,,,,,,,,,,,,,,,,,,,,,,,,,,,
,,,,,,,,,,,,,,,,,,,,,,,,,,,,,,,
,,,,,,,,,,,,,,,,,,,,,,,,,,,,,,,
,,,,,,,,,,,,,,,,,,,,,,,,,,,,,,,
,,,,,,,,,,,,,,,,,,,,,,,,,,,,,,,
,,,,,,,,,,,,,,,,,,,,,,,,,,,,,,,
,,,,,,,,,,,,,,,,,,,,,,,,,,,,,,,
,,,,,,,,,,,,,,,,,,,,,,,,,,,,,,,
,,,,,,,,,,,,,,,,,,,,,,,,,,,,,,,
,,,,,,,,,,,,,,,,,,,,,,,,,,,,,,,
,,,,,,,,,,,,,,,,,,,,,,,,,,,,,,,
,,,,,,,,,,,,,,,,,,,,,,,,,,,,,,,
,,,,,,,,,,,,,,,,,,,,,,,,,,,,,,,
,,,,,,,,,,,,,,,,,,,,,,,,,,,,,,,
,,,,,,,,,,,,,,,,,,,,,,,,,,,,,,,
,,,,,,,,,,,,,,,,,,,,,,,,,,,,,,,
,,,,,,,,,,,,,,,,,,,,,,,,,,,,,,,
,,,,,,,,,,,,,,,,,,,,,,,,,,,,,,,
,,,,,,,,,,,,,,,,,,,,,,,,,,,,,,,
,,,,,,,,,,,,,,,,,,,,,,,,,,,,,,,
,,,,,,,,,,,,,,,,,,,,,,,,,,,,,,,
,,,,,,,,,,,,,,,,,,,,,,,,,,,,,,,
,,,,,,,,,,,,,,,,,,,,,,,,,,,,,,,
,,,,,,,,,,,,,,,,,,,,,,,,,,,,,,,
,,,,,,,,,,,,,,,,,,,,,,,,,,,,,,,
,,,,,,,,,,,,,,,,,,,,,,,,,,,,,,,
,,,,,,,,,,,,,,,,,,,,,,,,,,,,,,,
,,,,,,,,,,,,,,,,,,,,,,,,,,,,,,,
,,,,,,,,,,,,,,,,,,,,,,,,,,,,,,,
,,,,,,,,,,,,,,,,,,,,,,,,,,,,,,,
,,,,,,,,,,,,,,,,,,,,,,,,,,,,,,,
,,,,,,,,,,,,,,,,,,,,,,,,,,,,,,,
,,,,,,,,,,,,,,,,,,,,,,,,,,,,,,,
,,,,,,,,,,,,,,,,,,,,,,,,,,,,,,,
,,,,,,,,,,,,,,,,,,,,,,,,,,,,,,,
,,,,,,,,,,,,,,,,,,,,,,,,,,,,,,,
,,,,,,,,,,,,,,,,,,,,,,,,,,,,,,,
,,,,,,,,,,,,,,,,,,,,,,,,,,,,,,,
,,,,,,,,,,,,,,,,,,,,,,,,,,,,,,,
,,,,,,,,,,,,,,,,,,,,,,,,,,,,,,,
,,,,,,,,,,,,,,,,,,,,,,,,,,,,,,,
,,,,,,,,,,,,,,,,,,,,,,,,,,,,,,,
,,,,,,,,,,,,,,,,,,,,,,,,,,,,,,,
,,,,,,,,,,,,,,,,,,,,,,,,,,,,,,,
,,,,,,,,,,,,,,,,,,,,,,,,,,,,,,,
,,,,,,,,,,,,,,,,,,,,,,,,,,,,,,,
,,,,,,,,,,,,,,,,,,,,,,,,,,,,,,,
,,,,,,,,,,,,,,,,,,,,,,,,,,,,,,,
,,,,,,,,,,,,,,,,,,,,,,,,,,,,,,,
,,,,,,,,,,,,,,,,,,,,,,,,,,,,,,,
,,,,,,,,,,,,,,,,,,,,,,,,,,,,,,,
,,,,,,,,,,,,,,,,,,,,,,,,,,,,,,,
,,,,,,,,,,,,,,,,,,,,,,,,,,,,,,,
,,,,,,,,,,,,,,,,,,,,,,,,,,,,,,,
,,,,,,,,,,,,,,,,,,,,,,,,,,,,,,,
,,,,,,,,,,,,,,,,,,,,,,,,,,,,,,,
,,,,,,,,,,,,,,,,,,,,,,,,,,,,,,,
,,,,,,,,,,,,,,,,,,,,,,,,,,,,,,,
,,,,,,,,,,,,,,,,,,,,,,,,,,,,,,,
,,,,,,,,,,,,,,,,,,,,,,,,,,,,,,,
,,,,,,,,,,,,,,,,,,,,,,,,,,,,,,,
,,,,,,,,,,,,,,,,,,,,,,,,,,,,,,,
,,,,,,,,,,,,,,,,,,,,,,,,,,,,,,,
,,,,,,,,,,,,,,,,,,,,,,,,,,,,,,,
,,,,,,,,,,,,,,,,,,,,,,,,,,,,,,,
,,,,,,,,,,,,,,,,,,,,,,,,,,,,,,,
,,,,,,,,,,,,,,,,,,,,,,,,,,,,,,,
,,,,,,,,,,,,,,,,,,,,,,,,,,,,,,,
,,,,,,,,,,,,,,,,,,,,,,,,,,,,,,,
,,,,,,,,,,,,,,,,,,,,,,,,,,,,,,,
,,,,,,,,,,,,,,,,,,,,,,,,,,,,,,,
,,,,,,,,,,,,,,,,,,,,,,,,,,,,,,,
,,,,,,,,,,,,,,,,,,,,,,,,,,,,,,,
,,,,,,,,,,,,,,,,,,,,,,,,,,,,,,,
,,,,,,,,,,,,,,,,,,,,,,,,,,,,,,,
,,,,,,,,,,,,,,,,,,,,,,,,,,,,,,,
,,,,,,,,,,,,,,,,,,,,,,,,,,,,,,,
,,,,,,,,,,,,,,,,,,,,,,,,,,,,,,,
,,,,,,,,,,,,,,,,,,,,,,,,,,,,,,,
,,,,,,,,,,,,,,,,,,,,,,,,,,,,,,,
,,,,,,,,,,,,,,,,,,,,,,,,,,,,,,,
,,,,,,,,,,,,,,,,,,,,,,,,,,,,,,,
,,,,,,,,,,,,,,,,,,,,,,,,,,,,,,,
,,,,,,,,,,,,,,,,,,,,,,,,,,,,,,,
,,,,,,,,,,,,,,,,,,,,,,,,,,,,,,,
,,,,,,,,,,,,,,,,,,,,,,,,,,,,,,,
,,,,,,,,,,,,,,,,,,,,,,,,,,,,,,,
,,,,,,,,,,,,,,,,,,,,,,,,,,,,,,,
,,,,,,,,,,,,,,,,,,,,,,,,,,,,,,,
,,,,,,,,,,,,,,,,,,,,,,,,,,,,,,,
,,,,,,,,,,,,,,,,,,,,,,,,,,,,,,,
,,,,,,,,,,,,,,,,,,,,,,,,,,,,,,,
,,,,,,,,,,,,,,,,,,,,,,,,,,,,,,,
,,,,,,,,,,,,,,,,,,,,,,,,,,,,,,,
,,,,,,,,,,,,,,,,,,,,,,,,,,,,,,,
,,,,,,,,,,,,,,,,,,,,,,,,,,,,,,,
,,,,,,,,,,,,,,,,,,,,,,,,,,,,,,,
,,,,,,,,,,,,,,,,,,,,,,,,,,,,,,,
,,,,,,,,,,,,,,,,,,,,,,,,,,,,,,,
,,,,,,,,,,,,,,,,,,,,,,,,,,,,,,,
,,,,,,,,,,,,,,,,,,,,,,,,,,,,,,,
,,,,,,,,,,,,,,,,,,,,,,,,,,,,,,,
,,,,,,,,,,,,,,,,,,,,,,,,,,,,,,,
,,,,,,,,,,,,,,,,,,,,,,,,,,,,,,,
,,,,,,,,,,,,,,,,,,,,,,,,,,,,,,,
,,,,,,,,,,,,,,,,,,,,,,,,,,,,,,,
,,,,,,,,,,,,,,,,,,,,,,,,,,,,,,,
,,,,,,,,,,,,,,,,,,,,,,,,,,,,,,,
,,,,,,,,,,,,,,,,,,,,,,,,,,,,,,,
,,,,,,,,,,,,,,,,,,,,,,,,,,,,,,,
,,,,,,,,,,,,,,,,,,,,,,,,,,,,,,,
,,,,,,,,,,,,,,,,,,,,,,,,,,,,,,,
,,,,,,,,,,,,,,,,,,,,,,,,,,,,,,,
,,,,,,,,,,,,,,,,,,,,,,,,,,,,,,,
,,,,,,,,,,,,,,,,,,,,,,,,,,,,,,,
,,,,,,,,,,,,,,,,,,,,,,,,,,,,,,,
,,,,,,,,,,,,,,,,,,,,,,,,,,,,,,,
,,,,,,,,,,,,,,,,,,,,,,,,,,,,,,,
,,,,,,,,,,,,,,,,,,,,,,,,,,,,,,,
,,,,,,,,,,,,,,,,,,,,,,,,,,,,,,,
,,,,,,,,,,,,,,,,,,,,,,,,,,,,,,,
,,,,,,,,,,,,,,,,,,,,,,,,,,,,,,,
,,,,,,,,,,,,,,,,,,,,,,,,,,,,,,,
,,,,,,,,,,,,,,,,,,,,,,,,,,,,,,,
,,,,,,,,,,,,,,,,,,,,,,,,,,,,,,,
,,,,,,,,,,,,,,,,,,,,,,,,,,,,,,,
,,,,,,,,,,,,,,,,,,,,,,,,,,,,,,,
,,,,,,,,,,,,,,,,,,,,,,,,,,,,,,,
,,,,,,,,,,,,,,,,,,,,,,,,,,,,,,,
,,,,,,,,,,,,,,,,,,,,,,,,,,,,,,,
,,,,,,,,,,,,,,,,,,,,,,,,,,,,,,,
,,,,,,,,,,,,,,,,,,,,,,,,,,,,,,,
,,,,,,,,,,,,,,,,,,,,,,,,,,,,,,,
,,,,,,,,,,,,,,,,,,,,,,,,,,,,,,,
,,,,,,,,,,,,,,,,,,,,,,,,,,,,,,,
,,,,,,,,,,,,,,,,,,,,,,,,,,,,,,,
,,,,,,,,,,,,,,,,,,,,,,,,,,,,,,,
,,,,,,,,,,,,,,,,,,,,,,,,,,,,,,,
,,,,,,,,,,,,,,,,,,,,,,,,,,,,,,,
,,,,,,,,,,,,,,,,,,,,,,,,,,,,,,,
,,,,,,,,,,,,,,,,,,,,,,,,,,,,,,,
,,,,,,,,,,,,,,,,,,,,,,,,,,,,,,,
,,,,,,,,,,,,,,,,,,,,,,,,,,,,,,,
,,,,,,,,,,,,,,,,,,,,,,,,,,,,,,,
,,,,,,,,,,,,,,,,,,,,,,,,,,,,,,,
,,,,,,,,,,,,,,,,,,,,,,,,,,,,,,,
,,,,,,,,,,,,,,,,,,,,,,,,,,,,,,,
,,,,,,,,,,,,,,,,,,,,,,,,,,,,,,,
,,,,,,,,,,,,,,,,,,,,,,,,,,,,,,,
,,,,,,,,,,,,,,,,,,,,,,,,,,,,,,,
,,,,,,,,,,,,,,,,,,,,,,,,,,,,,,,
,,,,,,,,,,,,,,,,,,,,,,,,,,,,,,,
,,,,,,,,,,,,,,,,,,,,,,,,,,,,,,,
,,,,,,,,,,,,,,,,,,,,,,,,,,,,,,,
,,,,,,,,,,,,,,,,,,,,,,,,,,,,,,,
,,,,,,,,,,,,,,,,,,,,,,,,,,,,,,,
,,,,,,,,,,,,,,,,,,,,,,,,,,,,,,,
,,,,,,,,,,,,,,,,,,,,,,,,,,,,,,,
,,,,,,,,,,,,,,,,,,,,,,,,,,,,,,,
,,,,,,,,,,,,,,,,,,,,,,,,,,,,,,,
,,,,,,,,,,,,,,,,,,,,,,,,,,,,,,,
,,,,,,,,,,,,,,,,,,,,,,,,,,,,,,,
,,,,,,,,,,,,,,,,,,,,,,,,,,,,,,,
,,,,,,,,,,,,,,,,,,,,,,,,,,,,,,,
,,,,,,,,,,,,,,,,,,,,,,,,,,,,,,,
,,,,,,,,,,,,,,,,,,,,,,,,,,,,,,,
,,,,,,,,,,,,,,,,,,,,,,,,,,,,,,,
,,,,,,,,,,,,,,,,,,,,,,,,,,,,,,,
,,,,,,,,,,,,,,,,,,,,,,,,,,,,,,,
,,,,,,,,,,,,,,,,,,,,,,,,,,,,,,,
,,,,,,,,,,,,,,,,,,,,,,,,,,,,,,,
,,,,,,,,,,,,,,,,,,,,,,,,,,,,,,,
,,,,,,,,,,,,,,,,,,,,,,,,,,,,,,,
,,,,,,,,,,,,,,,,,,,,,,,,,,,,,,,
,,,,,,,,,,,,,,,,,,,,,,,,,,,,,,,
,,,,,,,,,,,,,,,,,,,,,,,,,,,,,,,
,,,,,,,,,,,,,,,,,,,,,,,,,,,,,,,
,,,,,,,,,,,,,,,,,,,,,,,,,,,,,,,
,,,,,,,,,,,,,,,,,,,,,,,,,,,,,,,
,,,,,,,,,,,,,,,,,,,,,,,,,,,,,,,
,,,,,,,,,,,,,,,,,,,,,,,,,,,,,,,
,,,,,,,,,,,,,,,,,,,,,,,,,,,,,,,
,,,,,,,,,,,,,,,,,,,,,,,,,,,,,,,
,,,,,,,,,,,,,,,,,,,,,,,,,,,,,,,
,,,,,,,,,,,,,,,,,,,,,,,,,,,,,,,
,,,,,,,,,,,,,,,,,,,,,,,,,,,,,,,
,,,,,,,,,,,,,,,,,,,,,,,,,,,,,,,
,,,,,,,,,,,,,,,,,,,,,,,,,,,,,,,
,,,,,,,,,,,,,,,,,,,,,,,,,,,,,,,
,,,,,,,,,,,,,,,,,,,,,,,,,,,,,,,
,,,,,,,,,,,,,,,,,,,,,,,,,,,,,,,
,,,,,,,,,,,,,,,,,,,,,,,,,,,,,,,
,,,,,,,,,,,,,,,,,,,,,,,,,,,,,,,
,,,,,,,,,,,,,,,,,,,,,,,,,,,,,,,
,,,,,,,,,,,,,,,,,,,,,,,,,,,,,,,
,,,,,,,,,,,,,,,,,,,,,,,,,,,,,,,
,,,,,,,,,,,,,,,,,,,,,,,,,,,,,,,
,,,,,,,,,,,,,,,,,,,,,,,,,,,,,,,
,,,,,,,,,,,,,,,,,,,,,,,,,,,,,,,
,,,,,,,,,,,,,,,,,,,,,,,,,,,,,,,
,,,,,,,,,,,,,,,,,,,,,,,,,,,,,,,
,,,,,,,,,,,,,,,,,,,,,,,,,,,,,,,
,,,,,,,,,,,,,,,,,,,,,,,,,,,,,,,
,,,,,,,,,,,,,,,,,,,,,,,,,,,,,,,
,,,,,,,,,,,,,,,,,,,,,,,,,,,,,,,
,,,,,,,,,,,,,,,,,,,,,,,,,,,,,,,
,,,,,,,,,,,,,,,,,,,,,,,,,,,,,,,
,,,,,,,,,,,,,,,,,,,,,,,,,,,,,,,
,,,,,,,,,,,,,,,,,,,,,,,,,,,,,,,
,,,,,,,,,,,,,,,,,,,,,,,,,,,,,,,
,,,,,,,,,,,,,,,,,,,,,,,,,,,,,,,
,,,,,,,,,,,,,,,,,,,,,,,,,,,,,,,
,,,,,,,,,,,,,,,,,,,,,,,,,,,,,,,
,,,,,,,,,,,,,,,,,,,,,,,,,,,,,,,
,,,,,,,,,,,,,,,,,,,,,,,,,,,,,,,
,,,,,,,,,,,,,,,,,,,,,,,,,,,,,,,
,,,,,,,,,,,,,,,,,,,,,,,,,,,,,,,
,,,,,,,,,,,,,,,,,,,,,,,,,,,,,,,
,,,,,,,,,,,,,,,,,,,,,,,,,,,,,,,
,,,,,,,,,,,,,,,,,,,,,,,,,,,,,,,
,,,,,,,,,,,,,,,,,,,,,,,,,,,,,,,
,,,,,,,,,,,,,,,,,,,,,,,,,,,,,,,
,,,,,,,,,,,,,,,,,,,,,,,,,,,,,,,
,,,,,,,,,,,,,,,,,,,,,,,,,,,,,,,
,,,,,,,,,,,,,,,,,,,,,,,,,,,,,,,
,,,,,,,,,,,,,,,,,,,,,,,,,,,,,,,
,,,,,,,,,,,,,,,,,,,,,,,,,,,,,,,
,,,,,,,,,,,,,,,,,,,,,,,,,,,,,,,
,,,,,,,,,,,,,,,,,,,,,,,,,,,,,,,
,,,,,,,,,,,,,,,,,,,,,,,,,,,,,,,
,,,,,,,,,,,,,,,,,,,,,,,,,,,,,,,
,,,,,,,,,,,,,,,,,,,,,,,,,,,,,,,
,,,,,,,,,,,,,,,,,,,,,,,,,,,,,,,
,,,,,,,,,,,,,,,,,,,,,,,,,,,,,,,
,,,,,,,,,,,,,,,,,,,,,,,,,,,,,,,
,,,,,,,,,,,,,,,,,,,,,,,,,,,,,,,
,,,,,,,,,,,,,,,,,,,,,,,,,,,,,,,
,,,,,,,,,,,,,,,,,,,,,,,,,,,,,,,
,,,,,,,,,,,,,,,,,,,,,,,,,,,,,,,
,,,,,,,,,,,,,,,,,,,,,,,,,,,,,,,
,,,,,,,,,,,,,,,,,,,,,,,,,,,,,,,
,,,,,,,,,,,,,,,,,,,,,,,,,,,,,,,
,,,,,,,,,,,,,,,,,,,,,,,,,,,,,,,
,,,,,,,,,,,,,,,,,,,,,,,,,,,,,,,
,,,,,,,,,,,,,,,,,,,,,,,,,,,,,,,
,,,,,,,,,,,,,,,,,,,,,,,,,,,,,,,
,,,,,,,,,,,,,,,,,,,,,,,,,,,,,,,
,,,,,,,,,,,,,,,,,,,,,,,,,,,,,,,
,,,,,,,,,,,,,,,,,,,,,,,,,,,,,,,
,,,,,,,,,,,,,,,,,,,,,,,,,,,,,,,
,,,,,,,,,,,,,,,,,,,,,,,,,,,,,,,
,,,,,,,,,,,,,,,,,,,,,,,,,,,,,,,
,,,,,,,,,,,,,,,,,,,,,,,,,,,,,,,
,,,,,,,,,,,,,,,,,,,,,,,,,,,,,,,
,,,,,,,,,,,,,,,,,,,,,,,,,,,,,,,
,,,,,,,,,,,,,,,,,,,,,,,,,,,,,,,
,,,,,,,,,,,,,,,,,,,,,,,,,,,,,,,
,,,,,,,,,,,,,,,,,,,,,,,,,,,,,,,
,,,,,,,,,,,,,,,,,,,,,,,,,,,,,,,
,,,,,,,,,,,,,,,,,,,,,,,,,,,,,,,
,,,,,,,,,,,,,,,,,,,,,,,,,,,,,,,
,,,,,,,,,,,,,,,,,,,,,,,,,,,,,,,
,,,,,,,,,,,,,,,,,,,,,,,,,,,,,,,
,,,,,,,,,,,,,,,,,,,,,,,,,,,,,,,
,,,,,,,,,,,,,,,,,,,,,,,,,,,,,,,
,,,,,,,,,,,,,,,,,,,,,,,,,,,,,,,
,,,,,,,,,,,,,,,,,,,,,,,,,,,,,,,
,,,,,,,,,,,,,,,,,,,,,,,,,,,,,,,
,,,,,,,,,,,,,,,,,,,,,,,,,,,,,,,
,,,,,,,,,,,,,,,,,,,,,,,,,,,,,,,
,,,,,,,,,,,,,,,,,,,,,,,,,,,,,,,
,,,,,,,,,,,,,,,,,,,,,,,,,,,,,,,
,,,,,,,,,,,,,,,,,,,,,,,,,,,,,,,
,,,,,,,,,,,,,,,,,,,,,,,,,,,,,,,
,,,,,,,,,,,,,,,,,,,,,,,,,,,,,,,
,,,,,,,,,,,,,,,,,,,,,,,,,,,,,,,
,,,,,,,,,,,,,,,,,,,,,,,,,,,,,,,
,,,,,,,,,,,,,,,,,,,,,,,,,,,,,,,
,,,,,,,,,,,,,,,,,,,,,,,,,,,,,,,
,,,,,,,,,,,,,,,,,,,,,,,,,,,,,,,
,,,,,,,,,,,,,,,,,,,,,,,,,,,,,,,
,,,,,,,,,,,,,,,,,,,,,,,,,,,,,,,
,,,,,,,,,,,,,,,,,,,,,,,,,,,,,,,
,,,,,,,,,,,,,,,,,,,,,,,,,,,,,,,
,,,,,,,,,,,,,,,,,,,,,,,,,,,,,,,
,,,,,,,,,,,,,,,,,,,,,,,,,,,,,,,
,,,,,,,,,,,,,,,,,,,,,,,,,,,,,,,
,,,,,,,,,,,,,,,,,,,,,,,,,,,,,,,
,,,,,,,,,,,,,,,,,,,,,,,,,,,,,,,
,,,,,,,,,,,,,,,,,,,,,,,,,,,,,,,
,,,,,,,,,,,,,,,,,,,,,,,,,,,,,,,
,,,,,,,,,,,,,,,,,,,,,,,,,,,,,,,
,,,,,,,,,,,,,,,,,,,,,,,,,,,,,,,
,,,,,,,,,,,,,,,,,,,,,,,,,,,,,,,
,,,,,,,,,,,,,,,,,,,,,,,,,,,,,,,
,,,,,,,,,,,,,,,,,,,,,,,,,,,,,,,
,,,,,,,,,,,,,,,,,,,,,,,,,,,,,,,
,,,,,,,,,,,,,,,,,,,,,,,,,,,,,,,
,,,,,,,,,,,,,,,,,,,,,,,,,,,,,,,
,,,,,,,,,,,,,,,,,,,,,,,,,,,,,,,
,,,,,,,,,,,,,,,,,,,,,,,,,,,,,,,
,,,,,,,,,,,,,,,,,,,,,,,,,,,,,,,
,,,,,,,,,,,,,,,,,,,,,,,,,,,,,,,
,,,,,,,,,,,,,,,,,,,,,,,,,,,,,,,
,,,,,,,,,,,,,,,,,,,,,,,,,,,,,,,
,,,,,,,,,,,,,,,,,,,,,,,,,,,,,,,
,,,,,,,,,,,,,,,,,,,,,,,,,,,,,,,
,,,,,,,,,,,,,,,,,,,,,,,,,,,,,,,
,,,,,,,,,,,,,,,,,,,,,,,,,,,,,,,
,,,,,,,,,,,,,,,,,,,,,,,,,,,,,,,
,,,,,,,,,,,,,,,,,,,,,,,,,,,,,,,
,,,,,,,,,,,,,,,,,,,,,,,,,,,,,,,
,,,,,,,,,,,,,,,,,,,,,,,,,,,,,,,
,,,,,,,,,,,,,,,,,,,,,,,,,,,,,,,
,,,,,,,,,,,,,,,,,,,,,,,,,,,,,,,
,,,,,,,,,,,,,,,,,,,,,,,,,,,,,,,
,,,,,,,,,,,,,,,,,,,,,,,,,,,,,,,
,,,,,,,,,,,,,,,,,,,,,,,,,,,,,,,
,,,,,,,,,,,,,,,,,,,,,,,,,,,,,,,
,,,,,,,,,,,,,,,,,,,,,,,,,,,,,,,
,,,,,,,,,,,,,,,,,,,,,,,,,,,,,,,
,,,,,,,,,,,,,,,,,,,,,,,,,,,,,,,
,,,,,,,,,,,,,,,,,,,,,,,,,,,,,,,
,,,,,,,,,,,,,,,,,,,,,,,,,,,,,,,
,,,,,,,,,,,,,,,,,,,,,,,,,,,,,,,
,,,,,,,,,,,,,,,,,,,,,,,,,,,,,,,
,,,,,,,,,,,,,,,,,,,,,,,,,,,,,,,
,,,,,,,,,,,,,,,,,,,,,,,,,,,,,,,
,,,,,,,,,,,,,,,,,,,,,,,,,,,,,,,
,,,,,,,,,,,,,,,,,,,,,,,,,,,,,,,
,,,,,,,,,,,,,,,,,,,,,,,,,,,,,,,
,,,,,,,,,,,,,,,,,,,,,,,,,,,,,,,
,,,,,,,,,,,,,,,,,,,,,,,,,,,,,,,
,,,,,,,,,,,,,,,,,,,,,,,,,,,,,,,
,,,,,,,,,,,,,,,,,,,,,,,,,,,,,,,
,,,,,,,,,,,,,,,,,,,,,,,,,,,,,,,
,,,,,,,,,,,,,,,,,,,,,,,,,,,,,,,
,,,,,,,,,,,,,,,,,,,,,,,,,,,,,,,
,,,,,,,,,,,,,,,,,,,,,,,,,,,,,,,
,,,,,,,,,,,,,,,,,,,,,,,,,,,,,,,
,,,,,,,,,,,,,,,,,,,,,,,,,,,,,,,
,,,,,,,,,,,,,,,,,,,,,,,,,,,,,,,
,,,,,,,,,,,,,,,,,,,,,,,,,,,,,,,
,,,,,,,,,,,,,,,,,,,,,,,,,,,,,,,
,,,,,,,,,,,,,,,,,,,,,,,,,,,,,,,
,,,,,,,,,,,,,,,,,,,,,,,,,,,,,,,
,,,,,,,,,,,,,,,,,,,,,,,,,,,,,,,
,,,,,,,,,,,,,,,,,,,,,,,,,,,,,,,
,,,,,,,,,,,,,,,,,,,,,,,,,,,,,,,
,,,,,,,,,,,,,,,,,,,,,,,,,,,,,,,
,,,,,,,,,,,,,,,,,,,,,,,,,,,,,,,
,,,,,,,,,,,,,,,,,,,,,,,,,,,,,,,
,,,,,,,,,,,,,,,,,,,,,,,,,,,,,,,
,,,,,,,,,,,,,,,,,,,,,,,,,,,,,,,
,,,,,,,,,,,,,,,,,,,,,,,,,,,,,,,
,,,,,,,,,,,,,,,,,,,,,,,,,,,,,,,
,,,,,,,,,,,,,,,,,,,,,,,,,,,,,,,
,,,,,,,,,,,,,,,,,,,,,,,,,,,,,,,
,,,,,,,,,,,,,,,,,,,,,,,,,,,,,,,
,,,,,,,,,,,,,,,,,,,,,,,,,,,,,,,
,,,,,,,,,,,,,,,,,,,,,,,,,,,,,,,
,,,,,,,,,,,,,,,,,,,,,,,,,,,,,,,
,,,,,,,,,,,,,,,,,,,,,,,,,,,,,,,
,,,,,,,,,,,,,,,,,,,,,,,,,,,,,,,
,,,,,,,,,,,,,,,,,,,,,,,,,,,,,,,
,,,,,,,,,,,,,,,,,,,,,,,,,,,,,,,
,,,,,,,,,,,,,,,,,,,,,,,,,,,,,,,
,,,,,,,,,,,,,,,,,,,,,,,,,,,,,,,
,,,,,,,,,,,,,,,,,,,,,,,,,,,,,,,
,,,,,,,,,,,,,,,,,,,,,,,,,,,,,,,
,,,,,,,,,,,,,,,,,,,,,,,,,,,,,,,
,,,,,,,,,,,,,,,,,,,,,,,,,,,,,,,
,,,,,,,,,,,,,,,,,,,,,,,,,,,,,,,
,,,,,,,,,,,,,,,,,,,,,,,,,,,,,,,
,,,,,,,,,,,,,,,,,,,,,,,,,,,,,,,
,,,,,,,,,,,,,,,,,,,,,,,,,,,,,,,
,,,,,,,,,,,,,,,,,,,,,,,,,,,,,,,
,,,,,,,,,,,,,,,,,,,,,,,,,,,,,,,
,,,,,,,,,,,,,,,,,,,,,,,,,,,,,,,
,,,,,,,,,,,,,,,,,,,,,,,,,,,,,,,
,,,,,,,,,,,,,,,,,,,,,,,,,,,,,,,
,,,,,,,,,,,,,,,,,,,,,,,,,,,,,,,
,,,,,,,,,,,,,,,,,,,,,,,,,,,,,,,
,,,,,,,,,,,,,,,,,,,,,,,,,,,,,,,
,,,,,,,,,,,,,,,,,,,,,,,,,,,,,,,
,,,,,,,,,,,,,,,,,,,,,,,,,,,,,,,
,,,,,,,,,,,,,,,,,,,,,,,,,,,,,,,
,,,,,,,,,,,,,,,,,,,,,,,,,,,,,,,
,,,,,,,,,,,,,,,,,,,,,,,,,,,,,,,
,,,,,,,,,,,,,,,,,,,,,,,,,,,,,,,
,,,,,,,,,,,,,,,,,,,,,,,,,,,,,,,
,,,,,,,,,,,,,,,,,,,,,,,,,,,,,,,
,,,,,,,,,,,,,,,,,,,,,,,,,,,,,,,
,,,,,,,,,,,,,,,,,,,,,,,,,,,,,,,
,,,,,,,,,,,,,,,,,,,,,,,,,,,,,,,
,,,,,,,,,,,,,,,,,,,,,,,,,,,,,,,
,,,,,,,,,,,,,,,,,,,,,,,,,,,,,,,
,,,,,,,,,,,,,,,,,,,,,,,,,,,,,,,
,,,,,,,,,,,,,,,,,,,,,,,,,,,,,,,
,,,,,,,,,,,,,,,,,,,,,,,,,,,,,,,
,,,,,,,,,,,,,,,,,,,,,,,,,,,,,,,
,,,,,,,,,,,,,,,,,,,,,,,,,,,,,,,
,,,,,,,,,,,,,,,,,,,,,,,,,,,,,,,
,,,,,,,,,,,,,,,,,,,,,,,,,,,,,,,
,,,,,,,,,,,,,,,,,,,,,,,,,,,,,,,
,,,,,,,,,,,,,,,,,,,,,,,,,,,,,,,
,,,,,,,,,,,,,,,,,,,,,,,,,,,,,,,
,,,,,,,,,,,,,,,,,,,,,,,,,,,,,,,
,,,,,,,,,,,,,,,,,,,,,,,,,,,,,,,
,,,,,,,,,,,,,,,,,,,,,,,,,,,,,,,
,,,,,,,,,,,,,,,,,,,,,,,,,,,,,,,
,,,,,,,,,,,,,,,,,,,,,,,,,,,,,,,
,,,,,,,,,,,,,,,,,,,,,,,,,,,,,,,
,,,,,,,,,,,,,,,,,,,,,,,,,,,,,,,
,,,,,,,,,,,,,,,,,,,,,,,,,,,,,,,
,,,,,,,,,,,,,,,,,,,,,,,,,,,,,,,
,,,,,,,,,,,,,,,,,,,,,,,,,,,,,,,
,,,,,,,,,,,,,,,,,,,,,,,,,,,,,,,
,,,,,,,,,,,,,,,,,,,,,,,,,,,,,,,
,,,,,,,,,,,,,,,,,,,,,,,,,,,,,,,
,,,,,,,,,,,,,,,,,,,,,,,,,,,,,,,
,,,,,,,,,,,,,,,,,,,,,,,,,,,,,,,
,,,,,,,,,,,,,,,,,,,,,,,,,,,,,,,
,,,,,,,,,,,,,,,,,,,,,,,,,,,,,,,
,,,,,,,,,,,,,,,,,,,,,,,,,,,,,,,
,,,,,,,,,,,,,,,,,,,,,,,,,,,,,,,
,,,,,,,,,,,,,,,,,,,,,,,,,,,,,,,
,,,,,,,,,,,,,,,,,,,,,,,,,,,,,,,
,,,,,,,,,,,,,,,,,,,,,,,,,,,,,,,
,,,,,,,,,,,,,,,,,,,,,,,,,,,,,,,
,,,,,,,,,,,,,,,,,,,,,,,,,,,,,,,
,,,,,,,,,,,,,,,,,,,,,,,,,,,,,,,
,,,,,,,,,,,,,,,,,,,,,,,,,,,,,,,
,,,,,,,,,,,,,,,,,,,,,,,,,,,,,,,
,,,,,,,,,,,,,,,,,,,,,,,,,,,,,,,
,,,,,,,,,,,,,,,,,,,,,,,,,,,,,,,
,,,,,,,,,,,,,,,,,,,,,,,,,,,,,,,
,,,,,,,,,,,,,,,,,,,,,,,,,,,,,,,
,,,,,,,,,,,,,,,,,,,,,,,,,,,,,,,
,,,,,,,,,,,,,,,,,,,,,,,,,,,,,,,
,,,,,,,,,,,,,,,,,,,,,,,,,,,,,,,
,,,,,,,,,,,,,,,,,,,,,,,,,,,,,,,
,,,,,,,,,,,,,,,,,,,,,,,,,,,,,,,
,,,,,,,,,,,,,,,,,,,,,,,,,,,,,,,
,,,,,,,,,,,,,,,,,,,,,,,,,,,,,,,
,,,,,,,,,,,,,,,,,,,,,,,,,,,,,,,
,,,,,,,,,,,,,,,,,,,,,,,,,,,,,,,
,,,,,,,,,,,,,,,,,,,,,,,,,,,,,,,
,,,,,,,,,,,,,,,,,,,,,,,,,,,,,,,
,,,,,,,,,,,,,,,,,,,,,,,,,,,,,,,
,,,,,,,,,,,,,,,,,,,,,,,,,,,,,,,
,,,,,,,,,,,,,,,,,,,,,,,,,,,,,,,
,,,,,,,,,,,,,,,,,,,,,,,,,,,,,,,
,,,,,,,,,,,,,,,,,,,,,,,,,,,,,,,
,,,,,,,,,,,,,,,,,,,,,,,,,,,,,,,
,,,,,,,,,,,,,,,,,,,,,,,,,,,,,,,
,,,,,,,,,,,,,,,,,,,,,,,,,,,,,,,
,,,,,,,,,,,,,,,,,,,,,,,,,,,,,,,
,,,,,,,,,,,,,,,,,,,,,,,,,,,,,,,
,,,,,,,,,,,,,,,,,,,,,,,,,,,,,,,
,,,,,,,,,,,,,,,,,,,,,,,,,,,,,,,
,,,,,,,,,,,,,,,,,,,,,,,,,,,,,,,
,,,,,,,,,,,,,,,,,,,,,,,,,,,,,,,
,,,,,,,,,,,,,,,,,,,,,,,,,,,,,,,
,,,,,,,,,,,,,,,,,,,,,,,,,,,,,,,
,,,,,,,,,,,,,,,,,,,,,,,,,,,,,,,
,,,,,,,,,,,,,,,,,,,,,,,,,,,,,,,
,,,,,,,,,,,,,,,,,,,,,,,,,,,,,,,
,,,,,,,,,,,,,,,,,,,,,,,,,,,,,,,
,,,,,,,,,,,,,,,,,,,,,,,,,,,,,,,
,,,,,,,,,,,,,,,,,,,,,,,,,,,,,,,
,,,,,,,,,,,,,,,,,,,,,,,,,,,,,,,
,,,,,,,,,,,,,,,,,,,,,,,,,,,,,,,
,,,,,,,,,,,,,,,,,,,,,,,,,,,,,,,
,,,,,,,,,,,,,,,,,,,,,,,,,,,,,,,
,,,,,,,,,,,,,,,,,,,,,,,,,,,,,,,
,,,,,,,,,,,,,,,,,,,,,,,,,,,,,,,
,,,,,,,,,,,,,,,,,,,,,,,,,,,,,,,
,,,,,,,,,,,,,,,,,,,,,,,,,,,,,,,
,,,,,,,,,,,,,,,,,,,,,,,,,,,,,,,
,,,,,,,,,,,,,,,,,,,,,,,,,,,,,,,
,,,,,,,,,,,,,,,,,,,,,,,,,,,,,,,
,,,,,,,,,,,,,,,,,,,,,,,,,,,,,,,
,,,,,,,,,,,,,,,,,,,,,,,,,,,,,,,
,,,,,,,,,,,,,,,,,,,,,,,,,,,,,,,
,,,,,,,,,,,,,,,,,,,,,,,,,,,,,,,
,,,,,,,,,,,,,,,,,,,,,,,,,,,,,,,
,,,,,,,,,,,,,,,,,,,,,,,,,,,,,,,
,,,,,,,,,,,,,,,,,,,,,,,,,,,,,,,
,,,,,,,,,,,,,,,,,,,,,,,,,,,,,,,
,,,,,,,,,,,,,,,,,,,,,,,,,,,,,,,
,,,,,,,,,,,,,,,,,,,,,,,,,,,,,,,
,,,,,,,,,,,,,,,,,,,,,,,,,,,,,,,
,,,,,,,,,,,,,,,,,,,,,,,,,,,,,,,
,,,,,,,,,,,,,,,,,,,,,,,,,,,,,,,
,,,,,,,,,,,,,,,,,,,,,,,,,,,,,,,
,,,,,,,,,,,,,,,,,,,,,,,,,,,,,,,
,,,,,,,,,,,,,,,,,,,,,,,,,,,,,,,
,,,,,,,,,,,,,,,,,,,,,,,,,,,,,,,
,,,,,,,,,,,,,,,,,,,,,,,,,,,,,,,
,,,,,,,,,,,,,,,,,,,,,,,,,,,,,,,
,,,,,,,,,,,,,,,,,,,,,,,,,,,,,,,
,,,,,,,,,,,,,,,,,,,,,,,,,,,,,,,
,,,,,,,,,,,,,,,,,,,,,,,,,,,,,,,
,,,,,,,,,,,,,,,,,,,,,,,,,,,,,,,
,,,,,,,,,,,,,,,,,,,,,,,,,,,,,,,
,,,,,,,,,,,,,,,,,,,,,,,,,,,,,,,
,,,,,,,,,,,,,,,,,,,,,,,,,,,,,,,
,,,,,,,,,,,,,,,,,,,,,,,,,,,,,,,
,,,,,,,,,,,,,,,,,,,,,,,,,,,,,,,
,,,,,,,,,,,,,,,,,,,,,,,,,,,,,,,
,,,,,,,,,,,,,,,,,,,,,,,,,,,,,,,
,,,,,,,,,,,,,,,,,,,,,,,,,,,,,,,
,,,,,,,,,,,,,,,,,,,,,,,,,,,,,,,
,,,,,,,,,,,,,,,,,,,,,,,,,,,,,,,
,,,,,,,,,,,,,,,,,,,,,,,,,,,,,,,
,,,,,,,,,,,,,,,,,,,,,,,,,,,,,,,
,,,,,,,,,,,,,,,,,,,,,,,,,,,,,,,
,,,,,,,,,,,,,,,,,,,,,,,,,,,,,,,
,,,,,,,,,,,,,,,,,,,,,,,,,,,,,,,
,,,,,,,,,,,,,,,,,,,,,,,,,,,,,,,
,,,,,,,,,,,,,,,,,,,,,,,,,,,,,,,
,,,,,,,,,,,,,,,,,,,,,,,,,,,,,,,
,,,,,,,,,,,,,,,,,,,,,,,,,,,,,,,
,,,,,,,,,,,,,,,,,,,,,,,,,,,,,,,
,,,,,,,,,,,,,,,,,,,,,,,,,,,,,,,
,,,,,,,,,,,,,,,,,,,,,,,,,,,,,,,
,,,,,,,,,,,,,,,,,,,,,,,,,,,,,,,
,,,,,,,,,,,,,,,,,,,,,,,,,,,,,,,
,,,,,,,,,,,,,,,,,,,,,,,,,,,,,,,
,,,,,,,,,,,,,,,,,,,,,,,,,,,,,,,
,,,,,,,,,,,,,,,,,,,,,,,,,,,,,,,
,,,,,,,,,,,,,,,,,,,,,,,,,,,,,,,
,,,,,,,,,,,,,,,,,,,,,,,,,,,,,,,
,,,,,,,,,,,,,,,,,,,,,,,,,,,,,,,
,,,,,,,,,,,,,,,,,,,,,,,,,,,,,,,
,,,,,,,,,,,,,,,,,,,,,,,,,,,,,,,
,,,,,,,,,,,,,,,,,,,,,,,,,,,,,,,
,,,,,,,,,,,,,,,,,,,,,,,,,,,,,,,
,,,,,,,,,,,,,,,,,,,,,,,,,,,,,,,
,,,,,,,,,,,,,,,,,,,,,,,,,,,,,,,
,,,,,,,,,,,,,,,,,,,,,,,,,,,,,,,
,,,,,,,,,,,,,,,,,,,,,,,,,,,,,,,
,,,,,,,,,,,,,,,,,,,,,,,,,,,,,,,
,,,,,,,,,,,,,,,,,,,,,,,,,,,,,,,
,,,,,,,,,,,,,,,,,,,,,,,,,,,,,,,
,,,,,,,,,,,,,,,,,,,,,,,,,,,,,,,
,,,,,,,,,,,,,,,,,,,,,,,,,,,,,,,
,,,,,,,,,,,,,,,,,,,,,,,,,,,,,,,
,,,,,,,,,,,,,,,,,,,,,,,,,,,,,,,
,,,,,,,,,,,,,,,,,,,,,,,,,,,,,,,
,,,,,,,,,,,,,,,,,,,,,,,,,,,,,,,
,,,,,,,,,,,,,,,,,,,,,,,,,,,,,,,
,,,,,,,,,,,,,,,,,,,,,,,,,,,,,,,
,,,,,,,,,,,,,,,,,,,,,,,,,,,,,,,
,,,,,,,,,,,,,,,,,,,,,,,,,,,,,,,
,,,,,,,,,,,,,,,,,,,,,,,,,,,,,,,
,,,,,,,,,,,,,,,,,,,,,,,,,,,,,,,
,,,,,,,,,,,,,,,,,,,,,,,,,,,,,,,
,,,,,,,,,,,,,,,,,,,,,,,,,,,,,,,
,,,,,,,,,,,,,,,,,,,,,,,,,,,,,,,
,,,,,,,,,,,,,,,,,,,,,,,,,,,,,,,
,,,,,,,,,,,,,,,,,,,,,,,,,,,,,,,
,,,,,,,,,,,,,,,,,,,,,,,,,,,,,,,
,,,,,,,,,,,,,,,,,,,,,,,,,,,,,,,
,,,,,,,,,,,,,,,,,,,,,,,,,,,,,,,
,,,,,,,,,,,,,,,,,,,,,,,,,,,,,,,
,,,,,,,,,,,,,,,,,,,,,,,,,,,,,,,
,,,,,,,,,,,,,,,,,,,,,,,,,,,,,,,
,,,,,,,,,,,,,,,,,,,,,,,,,,,,,,,
,,,,,,,,,,,,,,,,,,,,,,,,,,,,,,,
,,,,,,,,,,,,,,,,,,,,,,,,,,,,,,,
,,,,,,,,,,,,,,,,,,,,,,,,,,,,,,,
,,,,,,,,,,,,,,,,,,,,,,,,,,,,,,,
,,,,,,,,,,,,,,,,,,,,,,,,,,,,,,,
,,,,,,,,,,,,,,,,,,,,,,,,,,,,,,,
,,,,,,,,,,,,,,,,,,,,,,,,,,,,,,,
,,,,,,,,,,,,,,,,,,,,,,,,,,,,,,,
,,,,,,,,,,,,,,,,,,,,,,,,,,,,,,,
,,,,,,,,,,,,,,,,,,,,,,,,,,,,,,,
,,,,,,,,,,,,,,,,,,,,,,,,,,,,,,,
,,,,,,,,,,,,,,,,,,,,,,,,,,,,,,,
,,,,,,,,,,,,,,,,,,,,,,,,,,,,,,,
,,,,,,,,,,,,,,,,,,,,,,,,,,,,,,,
,,,,,,,,,,,,,,,,,,,,,,,,,,,,,,,
,,,,,,,,,,,,,,,,,,,,,,,,,,,,,,,
,,,,,,,,,,,,,,,,,,,,,,,,,,,,,,,
,,,,,,,,,,,,,,,,,,,,,,,,,,,,,,,
,,,,,,,,,,,,,,,,,,,,,,,,,,,,,,,
,,,,,,,,,,,,,,,,,,,,,,,,,,,,,,,
,,,,,,,,,,,,,,,,,,,,,,,,,,,,,,,
,,,,,,,,,,,,,,,,,,,,,,,,,,,,,,,
,,,,,,,,,,,,,,,,,,,,,,,,,,,,,,,
,,,,,,,,,,,,,,,,,,,,,,,,,,,,,,,
,,,,,,,,,,,,,,,,,,,,,,,,,,,,,,,
,,,,,,,,,,,,,,,,,,,,,,,,,,,,,,,
,,,,,,,,,,,,,,,,,,,,,,,,,,,,,,,
,,,,,,,,,,,,,,,,,,,,,,,,,,,,,,,
,,,,,,,,,,,,,,,,,,,,,,,,,,,,,,,
,,,,,,,,,,,,,,,,,,,,,,,,,,,,,,,
,,,,,,,,,,,,,,,,,,,,,,,,,,,,,,,
,,,,,,,,,,,,,,,,,,,,,,,,,,,,,,,
,,,,,,,,,,,,,,,,,,,,,,,,,,,,,,,
,,,,,,,,,,,,,,,,,,,,,,,,,,,,,,,
,,,,,,,,,,,,,,,,,,,,,,,,,,,,,,,
,,,,,,,,,,,,,,,,,,,,,,,,,,,,,,,
,,,,,,,,,,,,,,,,,,,,,,,,,,,,,,,
,,,,,,,,,,,,,,,,,,,,,,,,,,,,,,,
,,,,,,,,,,,,,,,,,,,,,,,,,,,,,,,
,,,,,,,,,,,,,,,,,,,,,,,,,,,,,,,
,,,,,,,,,,,,,,,,,,,,,,,,,,,,,,,
,,,,,,,,,,,,,,,,,,,,,,,,,,,,,,,
,,,,,,,,,,,,,,,,,,,,,,,,,,,,,,,
,,,,,,,,,,,,,,,,,,,,,,,,,,,,,,,
,,,,,,,,,,,,,,,,,,,,,,,,,,,,,,,
,,,,,,,,,,,,,,,,,,,,,,,,,,,,,,,
,,,,,,,,,,,,,,,,,,,,,,,,,,,,,,,
,,,,,,,,,,,,,,,,,,,,,,,,,,,,,,,
,,,,,,,,,,,,,,,,,,,,,,,,,,,,,,,
,,,,,,,,,,,,,,,,,,,,,,,,,,,,,,,
,,,,,,,,,,,,,,,,,,,,,,,,,,,,,,,
,,,,,,,,,,,,,,,,,,,,,,,,,,,,,,,
,,,,,,,,,,,,,,,,,,,,,,,,,,,,,,,
,,,,,,,,,,,,,,,,,,,,,,,,,,,,,,,
,,,,,,,,,,,,,,,,,,,,,,,,,,,,,,,
,,,,,,,,,,,,,,,,,,,,,,,,,,,,,,,
,,,,,,,,,,,,,,,,,,,,,,,,,,,,,,,
,,,,,,,,,,,,,,,,,,,,,,,,,,,,,,,
,,,,,,,,,,,,,,,,,,,,,,,,,,,,,,,
,,,,,,,,,,,,,,,,,,,,,,,,,,,,,,,
,,,,,,,,,,,,,,,,,,,,,,,,,,,,,,,
,,,,,,,,,,,,,,,,,,,,,,,,,,,,,,,
,,,,,,,,,,,,,,,,,,,,,,,,,,,,,,,
,,,,,,,,,,,,,,,,,,,,,,,,,,,,,,,
,,,,,,,,,,,,,,,,,,,,,,,,,,,,,,,
,,,,,,,,,,,,,,,,,,,,,,,,,,,,,,,
,,,,,,,,,,,,,,,,,,,,,,,,,,,,,,,
,,,,,,,,,,,,,,,,,,,,,,,,,,,,,,,
,,,,,,,,,,,,,,,,,,,,,,,,,,,,,,,
,,,,,,,,,,,,,,,,,,,,,,,,,,,,,,,
,,,,,,,,,,,,,,,,,,,,,,,,,,,,,,,
,,,,,,,,,,,,,,,,,,,,,,,,,,,,,,,
,,,,,,,,,,,,,,,,,,,,,,,,,,,,,,,
,,,,,,,,,,,,,,,,,,,,,,,,,,,,,,,
,,,,,,,,,,,,,,,,,,,,,,,,,,,,,,,
,,,,,,,,,,,,,,,,,,,,,,,,,,,,,,,
,,,,,,,,,,,,,,,,,,,,,,,,,,,,,,,
,,,,,,,,,,,,,,,,,,,,,,,,,,,,,,,
,,,,,,,,,,,,,,,,,,,,,,,,,,,,,,,
,,,,,,,,,,,,,,,,,,,,,,,,,,,,,,,
,,,,,,,,,,,,,,,,,,,,,,,,,,,,,,,
,,,,,,,,,,,,,,,,,,,,,,,,,,,,,,,
,,,,,,,,,,,,,,,,,,,,,,,,,,,,,,,
,,,,,,,,,,,,,,,,,,,,,,,,,,,,,,,
,,,,,,,,,,,,,,,,,,,,,,,,,,,,,,,
,,,,,,,,,,,,,,,,,,,,,,,,,,,,,,,
,,,,,,,,,,,,,,,,,,,,,,,,,,,,,,,
,,,,,,,,,,,,,,,,,,,,,,,,,,,,,,,
,,,,,,,,,,,,,,,,,,,,,,,,,,,,,,,
,,,,,,,,,,,,,,,,,,,,,,,,,,,,,,,
,,,,,,,,,,,,,,,,,,,,,,,,,,,,,,,
,,,,,,,,,,,,,,,,,,,,,,,,,,,,,,,
,,,,,,,,,,,,,,,,,,,,,,,,,,,,,,,
,,,,,,,,,,,,,,,,,,,,,,,,,,,,,,,
,,,,,,,,,,,,,,,,,,,,,,,,,,,,,,,
,,,,,,,,,,,,,,,,,,,,,,,,,,,,,,,
,,,,,,,,,,,,,,,,,,,,,,,,,,,,,,,
,,,,,,,,,,,,,,,,,,,,,,,,,,,,,,,
,,,,,,,,,,,,,,,,,,,,,,,,,,,,,,,
,,,,,,,,,,,,,,,,,,,,,,,,,,,,,,,
,,,,,,,,,,,,,,,,,,,,,,,,,,,,,,,
,,,,,,,,,,,,,,,,,,,,,,,,,,,,,,,
,,,,,,,,,,,,,,,,,,,,,,,,,,,,,,,
,,,,,,,,,,,,,,,,,,,,,,,,,,,,,,,
,,,,,,,,,,,,,,,,,,,,,,,,,,,,,,,
,,,,,,,,,,,,,,,,,,,,,,,,,,,,,,,
,,,,,,,,,,,,,,,,,,,,,,,,,,,,,,,
,,,,,,,,,,,,,,,,,,,,,,,,,,,,,,,
,,,,,,,,,,,,,,,,,,,,,,,,,,,,,,,
,,,,,,,,,,,,,,,,,,,,,,,,,,,,,,,
,,,,,,,,,,,,,,,,,,,,,,,,,,,,,,,
,,,,,,,,,,,,,,,,,,,,,,,,,,,,,,,
,,,,,,,,,,,,,,,,,,,,,,,,,,,,,,,
,,,,,,,,,,,,,,,,,,,,,,,,,,,,,,,
,,,,,,,,,,,,,,,,,,,,,,,,,,,,,,,
,,,,,,,,,,,,,,,,,,,,,,,,,,,,,,,
,,,,,,,,,,,,,,,,,,,,,,,,,,,,,,,
,,,,,,,,,,,,,,,,,,,,,,,,,,,,,,,
,,,,,,,,,,,,,,,,,,,,,,,,,,,,,,,
,,,,,,,,,,,,,,,,,,,,,,,,,,,,,,,
,,,,,,,,,,,,,,,,,,,,,,,,,,,,,,,
,,,,,,,,,,,,,,,,,,,,,,,,,,,,,,,
,,,,,,,,,,,,,,,,,,,,,,,,,,,,,,,
,,,,,,,,,,,,,,,,,,,,,,,,,,,,,,,
,,,,,,,,,,,,,,,,,,,,,,,,,,,,,,,
,,,,,,,,,,,,,,,,,,,,,,,,,,,,,,,
,,,,,,,,,,,,,,,,,,,,,,,,,,,,,,,
,,,,,,,,,,,,,,,,,,,,,,,,,,,,,,,
,,,,,,,,,,,,,,,,,,,,,,,,,,,,,,,
,,,,,,,,,,,,,,,,,,,,,,,,,,,,,,,
,,,,,,,,,,,,,,,,,,,,,,,,,,,,,,,
,,,,,,,,,,,,,,,,,,,,,,,,,,,,,,,
,,,,,,,,,,,,,,,,,,,,,,,,,,,,,,,
,,,,,,,,,,,,,,,,,,,,,,,,,,,,,,,
,,,,,,,,,,,,,,,,,,,,,,,,,,,,,,,
,,,,,,,,,,,,,,,,,,,,,,,,,,,,,,,
,,,,,,,,,,,,,,,,,,,,,,,,,,,,,,,
,,,,,,,,,,,,,,,,,,,,,,,,,,,,,,,
,,,,,,,,,,,,,,,,,,,,,,,,,,,,,,,
,,,,,,,,,,,,,,,,,,,,,,,,,,,,,,,
,,,,,,,,,,,,,,,,,,,,,,,,,,,,,,,
,,,,,,,,,,,,,,,,,,,,,,,,,,,,,,,
,,,,,,,,,,,,,,,,,,,,,,,,,,,,,,,
,,,,,,,,,,,,,,,,,,,,,,,,,,,,,,,
,,,,,,,,,,,,,,,,,,,,,,,,,,,,,,,
,,,,,,,,,,,,,,,,,,,,,,,,,,,,,,,
,,,,,,,,,,,,,,,,,,,,,,,,,,,,,,,
,,,,,,,,,,,,,,,,,,,,,,,,,,,,,,,
,,,,,,,,,,,,,,,,,,,,,,,,,,,,,,,
,,,,,,,,,,,,,,,,,,,,,,,,,,,,,,,
,,,,,,,,,,,,,,,,,,,,,,,,,,,,,,,
,,,,,,,,,,,,,,,,,,,,,,,,,,,,,,,
,,,,,,,,,,,,,,,,,,,,,,,,,,,,,,,
